{"is_source_file": true, "format": "JavaScript", "description": "This is a React application's main source file for the frontend, defining the primary component hierarchy, routing, and application logic for a note-taking app.", "external_files": ["./context/NotesContext", "./components/toast/ToastProvider", "./components/Navbar", "./components/NoteList", "./components/NoteEditor", "./hooks/useKeyboardShortcuts", "./App.css"], "external_methods": ["useParams", "useNavigate", "useNotes", "useKeyboardShortcuts", "React.useEffect", "React.useCallback", "React.useMemo", "React.useRef", "navigate", "dispatch", "actions.createNote", "actions.saveNote"], "published": ["App"], "classes": [], "methods": [{"name": "NoteRouteSync()", "description": "Synchronizes the selected note with the route parameter and ensures route remains accurate on note deletion or selection change.", "scope": "", "scopeKind": ""}, {"name": "AppLayout()", "description": "Main layout component managing note list, editor, routing, keyboard shortcuts, and mobile overlay behavior.", "scope": "", "scopeKind": ""}, {"name": "AppRoutes()", "description": "Defines routing logic for the app, redirecting to the first note or default layout.", "scope": "", "scopeKind": ""}, {"name": "App()", "description": "Root component wrapping the entire application with context and routing providers.", "scope": "", "scopeKind": ""}], "calls": ["useParams()", "useNavigate()", "useNotes()", "useKeyboardShortcuts()", "React.useEffect()", "React.useCallback()", "React.useMemo()", "React.useRef()", "navigate()", "dispatch()", "actions.createNote()", "actions.saveNote()", "window.setTimeout()", "window.addEventListener()", "window.removeEventListener()"], "search-terms": ["React routing", "note synchronization", "Mobile overlay focus trap", "useKeyboardShortcuts", "NotesProvider", "NotesContext", "notes_frontend src App.js", "NoteRouteSync", "AppLayout", "AppRoutes"], "state": 2, "file_id": 5, "knowledge_revision": 82, "git_revision": "d61d480e95edc7d456cf8f1726142699e7781b60", "revision_history": [{"24": "2c28562f2f1d8500fceb86c95e6dad6cfa4edc6b"}, {"51": "96e290d736afe4bc34d398b551076a8b3a4c0a25"}, {"82": "d61d480e95edc7d456cf8f1726142699e7781b60"}], "ctags": [{"_type": "tag", "name": "/note/${encodeURIComponent(firstId)}", "path": "/home/kavia/workspace/code-generation/simple-notes-manager-304741-304760/notes_frontend/src/App.js", "pattern": "/^      <Route path=\"\\/\" element={firstId ? <Navigate to={`\\/note\\/${encodeURIComponent(firstId)}`/", "language": "JavaScript", "kind": "field", "scope": "AppRoutes.firstId", "scopeKind": "class"}, {"_type": "tag", "name": "App", "path": "/home/kavia/workspace/code-generation/simple-notes-manager-304741-304760/notes_frontend/src/App.js", "pattern": "/^function App() {$/", "language": "JavaScript", "kind": "function", "signature": "()"}, {"_type": "tag", "name": "AppLayout", "path": "/home/kavia/workspace/code-generation/simple-notes-manager-304741-304760/notes_frontend/src/App.js", "pattern": "/^function AppLayout() {$/", "language": "JavaScript", "kind": "function", "signature": "()"}, {"_type": "tag", "name": "AppRoutes", "path": "/home/kavia/workspace/code-generation/simple-notes-manager-304741-304760/notes_frontend/src/App.js", "pattern": "/^function AppRoutes() {$/", "language": "JavaScript", "kind": "function", "signature": "()"}, {"_type": "tag", "name": "NoteRouteSync", "path": "/home/kavia/workspace/code-generation/simple-notes-manager-304741-304760/notes_frontend/src/App.js", "pattern": "/^function NoteRouteSync() {$/", "language": "JavaScript", "kind": "function", "signature": "()"}], "hash": "149c3e5a482ebf8a4ee2469aeeb1c5e2", "format-version": 4, "code-base-name": "notes_frontend", "filename": "notes_frontend/src/App.js", "fields": [{"name": "<Route path=\"\\/\" element={firstId ? <Navigate to={`\\/note\\/${encodeURIComponent(firstId)}`/", "scope": "AppRoutes.firstId", "scopeKind": "class", "description": "unavailable"}]}