{"is_source_file": true, "format": "JavaScript", "description": "This file defines a utility function createId() that generates a reasonably unique identifier based on current timestamp and random number, intended for client-side use such as localStorage keys.", "external_files": [], "external_methods": [], "published": ["createId"], "classes": [], "methods": [{"name": "createId()", "description": "Generates a unique ID string combining a prefix, current timestamp, and a random component to minimize the risk of collisions.", "scope": "", "scopeKind": ""}], "calls": ["Date.now", "Math.random", "toString"], "search-terms": ["createId", "generateId", "unique ID", "localStorage", "client-side", "timestamp", "random"], "state": 2, "file_id": 14, "knowledge_revision": 56, "git_revision": "96e290d736afe4bc34d398b551076a8b3a4c0a25", "ctags": [{"_type": "tag", "name": "createId", "path": "/home/kavia/workspace/code-generation/simple-notes-manager-304741-304760/notes_frontend/src/utils/id.js", "pattern": "/^export function createId() {$/", "language": "JavaScript", "kind": "function", "signature": "()"}], "hash": "2fe7d27475ca45ab2d998611ddbd56f4", "format-version": 4, "code-base-name": "notes_frontend", "filename": "notes_frontend/src/utils/id.js", "revision_history": [{"56": "96e290d736afe4bc34d398b551076a8b3a4c0a25"}]}