{"is_source_file": false, "format": "", "description": "", "external_files": [], "external_methods": [], "published": [], "classes": [], "methods": [], "calls": [], "search-terms": [], "state": 2, "file_id": 1, "knowledge_revision": 28, "git_revision": "96e290d736afe4bc34d398b551076a8b3a4c0a25", "hash": "383f62aa234bdf18a999173a4fda5e15", "format-version": 4, "code-base-name": "notes_frontend", "filename": "notes_frontend/src/index.css", "revision_history": [{"28": "96e290d736afe4bc34d398b551076a8b3a4c0a25"}]}