{"is_source_file": false, "format": "", "description": "", "external_files": [], "external_methods": [], "published": [], "classes": [], "methods": [], "calls": [], "search-terms": ["notes", "noteRow", "noteColorSwatch", "pinButton", "colorPicker", "editorActions", "mdPreview", "emptyState", "filter"], "state": 2, "file_id": 33, "knowledge_revision": 106, "git_revision": "edb1725f373ca41cb8787c43d40afa43bec6b424", "hash": "1d57192c4ac51971b87a5a16dfa137fa", "format-version": 4, "code-base-name": "notes_frontend", "filename": "notes_frontend/src/components/notes.css", "revision_history": [{"106": "edb1725f373ca41cb8787c43d40afa43bec6b424"}]}