{"is_source_file": false, "format": "", "description": "", "external_files": [], "external_methods": [], "published": [], "classes": [], "methods": [], "calls": [], "search-terms": ["App.css", "CSS variables", "theme management", "dark theme", "light theme", "responsive design"], "state": 2, "file_id": 6, "knowledge_revision": 17, "git_revision": "2c28562f2f1d8500fceb86c95e6dad6cfa4edc6b", "hash": "22f9e17cc1848b56dbb244518ac2707e", "format-version": 4, "code-base-name": "notes_frontend", "filename": "notes_frontend/src/App.css", "revision_history": [{"17": "2c28562f2f1d8500fceb86c95e6dad6cfa4edc6b"}]}