{"is_source_file": false, "format": "", "description": "", "external_files": [], "external_methods": [], "published": [], "classes": [], "methods": [], "calls": [], "search-terms": [], "state": 2, "file_id": 13, "knowledge_revision": 47, "git_revision": "96e290d736afe4bc34d398b551076a8b3a4c0a25", "hash": "fa909df18668b6d7be4834d3c7e29029", "format-version": 4, "code-base-name": "notes_frontend", "filename": "notes_frontend/src/styles/theme.css", "revision_history": [{"47": "96e290d736afe4bc34d398b551076a8b3a4c0a25"}]}