{"is_source_file": true, "format": "JavaScript (React)", "description": "This file is the entry point for a React application, responsible for rendering the root component into the DOM.", "external_files": ["./index.css", "./App"], "external_methods": ["ReactDOM.createRoot", "ReactDOM.createRoot().render", "document.getElementById"], "published": [], "classes": [], "methods": [{"name": "ReactDOM.createRoot", "description": "Creates a root for rendering a React component tree into a DOM element."}, {"name": "root.render", "description": "Renders React elements into the established root."}], "calls": ["ReactDOM.createRoot", "root.render", "document.getElementById"], "search-terms": ["React", "ReactDOM", "index.js", "render", "entry point", "React.StrictMode"], "state": 2, "file_id": 4, "knowledge_revision": 25, "git_revision": "2c28562f2f1d8500fceb86c95e6dad6cfa4edc6b", "ctags": [{"_type": "tag", "name": "root", "path": "/home/kavia/workspace/code-generation/simple-notes-manager-304741-304760/notes_frontend/src/index.js", "pattern": "/^const root = ReactDOM.createRoot(document.getElementById('root'));$/", "language": "JavaScript", "kind": "constant"}], "hash": "9fc5841375336fc175b49f8767a11383", "format-version": 4, "code-base-name": "notes_frontend", "filename": "notes_frontend/src/index.js", "revision_history": [{"25": "2c28562f2f1d8500fceb86c95e6dad6cfa4edc6b"}]}