{"is_source_file": true, "format": "JavaScript (React component)", "description": "This file defines a React component named NoteEditor used as part of a notes management application. It manages note editing features such as autosaving, manual saving, deletion, and note selection handling within the UI.", "external_files": ["../context/NotesContext", "./ui/Button", "./ui/Input", "./ui/TextArea", "./ui/Card", "./notes.css"], "external_methods": ["useNotes()", "actions.saveNote", "actions.deleteNote"], "published": ["NoteEditor"], "classes": [], "methods": [{"name": "useDebouncedCallback(callback, delayMs)", "description": "Creates a debounced version of a callback function that delays its execution until after a specified delay period, with an additional method to cancel pending invocation.", "scope": "", "scopeKind": ""}, {"name": "NoteEditor({ onNavigateToNote })", "description": "Main React component providing the note editing interface, handling autosaves, manual saves, deletion, and note selection logic.", "scope": "", "scopeKind": ""}], "calls": ["useNotes()", "actions.saveNote", "actions.deleteNote", "window.clearTimeout", "window.setTimeout", "window.confirm"], "search-terms": ["React NoteEditor component", "autosave notes", "note editing UI", "NotesContext", "debounced autosave", "NoteEditor save", "NoteEditor delete", "notes frontend component"], "state": 2, "file_id": 32, "knowledge_revision": 80, "git_revision": "d61d480e95edc7d456cf8f1726142699e7781b60", "revision_history": [{"74": "96e290d736afe4bc34d398b551076a8b3a4c0a25"}, {"80": "d61d480e95edc7d456cf8f1726142699e7781b60"}], "ctags": [{"_type": "tag", "name": "14", "path": "/home/kavia/workspace/code-generation/simple-notes-manager-304741-304760/notes_frontend/src/components/NoteEditor.js", "pattern": "/^            rows={14}$/", "language": "JavaScript", "kind": "field", "scope": "NoteEditor.rows", "scopeKind": "class"}, {"_type": "tag", "name": "NoteEditor", "path": "/home/kavia/workspace/code-generation/simple-notes-manager-304741-304760/notes_frontend/src/components/NoteEditor.js", "pattern": "/^export function NoteEditor({ onNavigateToNote }) {$/", "language": "JavaScript", "kind": "function", "signature": "({ onNavigateToNote })"}, {"_type": "tag", "name": "draftContent", "path": "/home/kavia/workspace/code-generation/simple-notes-manager-304741-304760/notes_frontend/src/components/NoteEditor.js", "pattern": "/^            value={draftContent}$/", "language": "JavaScript", "kind": "field", "scope": "NoteEditor.value", "scopeKind": "class"}, {"_type": "tag", "name": "draftTitle", "path": "/home/kavia/workspace/code-generation/simple-notes-manager-304741-304760/notes_frontend/src/components/NoteEditor.js", "pattern": "/^            value={draftTitle}$/", "language": "JavaScript", "kind": "field", "scope": "NoteEditor.value", "scopeKind": "class"}, {"_type": "tag", "name": "useDebouncedCallback", "path": "/home/kavia/workspace/code-generation/simple-notes-manager-304741-304760/notes_frontend/src/components/NoteEditor.js", "pattern": "/^function useDebouncedCallback(callback, delayMs) {$/", "language": "JavaScript", "kind": "function", "signature": "(callback, delayMs)"}], "hash": "129647234314d7034ca9a6c9585e9359", "format-version": 4, "code-base-name": "notes_frontend", "filename": "notes_frontend/src/components/NoteEditor.js", "fields": [{"name": "rows={14}", "scope": "NoteEditor.rows", "scopeKind": "class", "description": "unavailable"}, {"name": "value={draftContent}", "scope": "NoteEditor.value", "scopeKind": "class", "description": "unavailable"}, {"name": "value={draftTitle}", "scope": "NoteEditor.value", "scopeKind": "class", "description": "unavailable"}]}