{"is_source_file": true, "format": "JavaScript", "description": "This file provides storage management functions for a notes application, utilizing localStorage to perform CRUD operations on notes data.", "external_files": [], "external_methods": [], "published": ["listNotes", "createNote", "updateNote", "deleteNote"], "classes": [], "methods": [{"name": "safeParse(json, fallback)", "description": "Safely parses JSON string, returns fallback on error or if parsing yields null/undefined.", "scope": "", "scopeKind": ""}, {"name": "readAll()", "description": "Retrieves all notes from localStorage, parsing JSON and ensuring the result is an array.", "scope": "", "scopeKind": ""}, {"name": "writeAll(notes)", "description": "Serializes notes array to JSON and saves it to localStorage.", "scope": "", "scopeKind": ""}, {"name": "listNotes()", "description": "Returns all notes sorted by updatedAt in descending order.", "scope": "", "scopeKind": ""}, {"name": "createNote(note)", "description": "Adds a new note to localStorage.", "scope": "", "scopeKind": ""}, {"name": "updateNote(id, patch)", "description": "Updates an existing note identified by id with provided patch data.", "scope": "", "scopeKind": ""}, {"name": "deleteNote(id)", "description": "Removes a note by id from localStorage.", "scope": "", "scopeKind": ""}], "calls": ["localStorage.getItem", "localStorage.setItem", "JSON.parse", "JSON.stringify"], "search-terms": ["storage", "localStorage", "notes", "CRUD", "notes_frontend"], "state": 2, "file_id": 16, "knowledge_revision": 58, "git_revision": "96e290d736afe4bc34d398b551076a8b3a4c0a25", "ctags": [{"_type": "tag", "name": "STORAGE_KEY", "path": "/home/kavia/workspace/code-generation/simple-notes-manager-304741-304760/notes_frontend/src/services/storageNotesService.js", "pattern": "/^const STORAGE_KEY = \"notes_frontend__notes_v1\";$/", "language": "JavaScript", "kind": "constant"}, {"_type": "tag", "name": "createNote", "path": "/home/kavia/workspace/code-generation/simple-notes-manager-304741-304760/notes_frontend/src/services/storageNotesService.js", "pattern": "/^export async function createNote(note) {$/", "language": "JavaScript", "kind": "function", "signature": "(note)"}, {"_type": "tag", "name": "deleteNote", "path": "/home/kavia/workspace/code-generation/simple-notes-manager-304741-304760/notes_frontend/src/services/storageNotesService.js", "pattern": "/^export async function deleteNote(id) {$/", "language": "JavaScript", "kind": "function", "signature": "(id)"}, {"_type": "tag", "name": "listNotes", "path": "/home/kavia/workspace/code-generation/simple-notes-manager-304741-304760/notes_frontend/src/services/storageNotesService.js", "pattern": "/^export async function listNotes() {$/", "language": "JavaScript", "kind": "function", "signature": "()"}, {"_type": "tag", "name": "readAll", "path": "/home/kavia/workspace/code-generation/simple-notes-manager-304741-304760/notes_frontend/src/services/storageNotesService.js", "pattern": "/^function readAll() {$/", "language": "JavaScript", "kind": "function", "signature": "()"}, {"_type": "tag", "name": "safeParse", "path": "/home/kavia/workspace/code-generation/simple-notes-manager-304741-304760/notes_frontend/src/services/storageNotesService.js", "pattern": "/^function safeParse(json, fallback) {$/", "language": "JavaScript", "kind": "function", "signature": "(json, fallback)"}, {"_type": "tag", "name": "updateNote", "path": "/home/kavia/workspace/code-generation/simple-notes-manager-304741-304760/notes_frontend/src/services/storageNotesService.js", "pattern": "/^export async function updateNote(id, patch) {$/", "language": "JavaScript", "kind": "function", "signature": "(id, patch)"}, {"_type": "tag", "name": "writeAll", "path": "/home/kavia/workspace/code-generation/simple-notes-manager-304741-304760/notes_frontend/src/services/storageNotesService.js", "pattern": "/^function writeAll(notes) {$/", "language": "JavaScript", "kind": "function", "signature": "(notes)"}], "hash": "135e891fa0020a9de68bbc1f07458b4b", "format-version": 4, "code-base-name": "notes_frontend", "filename": "notes_frontend/src/services/storageNotesService.js", "revision_history": [{"58": "96e290d736afe4bc34d398b551076a8b3a4c0a25"}]}