{"is_source_file": true, "format": "JavaScript", "description": "This file is a setup configuration file for Jest testing environment, importing custom matchers from '@testing-library/jest-dom'.", "external_files": ["@testing-library/jest-dom"], "external_methods": [], "published": [], "classes": [], "methods": [], "calls": ["import('@testing-library/jest-dom')"], "search-terms": ["setupTests.js", "jest-dom", "testing-library", "jest matchers", "test setup"], "state": 2, "file_id": 3, "knowledge_revision": 22, "git_revision": "2c28562f2f1d8500fceb86c95e6dad6cfa4edc6b", "ctags": [], "hash": "1a77571e1a8cf36018a41bcedf60db75", "format-version": 4, "code-base-name": "notes_frontend", "filename": "notes_frontend/src/setupTests.js", "revision_history": [{"22": "2c28562f2f1d8500fceb86c95e6dad6cfa4edc6b"}]}