{"is_source_file": true, "format": "JavaScript", "description": "This file defines a notes service module that abstracts notes-related operations, switching between API-based and localStorage-based implementations depending on environment configuration.", "external_files": ["./apiNotesService", "./storageNotesService"], "external_methods": [], "published": ["isApiEnabled", "getNotesService"], "classes": [], "methods": [{"name": "isApiEnabled()", "description": "Checks if the application is configured to use a backend API based on environment variables.", "scope": "", "scopeKind": ""}, {"name": "getNotesService()", "description": "Returns the appropriate notes service implementation\u2014either API or local storage\u2014based on whether API is enabled.", "scope": "", "scopeKind": ""}], "calls": ["Boolean", "process.env.REACT_APP_API_BASE", "process.env.REACT_APP_BACKEND_URL", "isApiEnabled"], "search-terms": ["notesService", "getNotesService", "apiNotesService", "storageNotesService", "API enabled check", "environment configuration"], "state": 2, "file_id": 18, "knowledge_revision": 60, "git_revision": "96e290d736afe4bc34d398b551076a8b3a4c0a25", "ctags": [{"_type": "tag", "name": "getNotesService", "path": "/home/kavia/workspace/code-generation/simple-notes-manager-304741-304760/notes_frontend/src/services/notesService.js", "pattern": "/^export function getNotesService() {$/", "language": "JavaScript", "kind": "function", "signature": "()"}, {"_type": "tag", "name": "isApiEnabled", "path": "/home/kavia/workspace/code-generation/simple-notes-manager-304741-304760/notes_frontend/src/services/notesService.js", "pattern": "/^export function isApiEnabled() {$/", "language": "JavaScript", "kind": "function", "signature": "()"}], "hash": "3678b836f5bc16793afd7c014a05a53a", "format-version": 4, "code-base-name": "notes_frontend", "filename": "notes_frontend/src/services/notesService.js", "revision_history": [{"60": "96e290d736afe4bc34d398b551076a8b3a4c0a25"}]}