{"is_source_file": true, "format": "JavaScript", "description": "This file defines a React Context provider (NotesProvider) that manages notes state, including CRUD operations, loading, saving, and deletion of notes, along with integration with external services, toast notifications, and React hooks.", "external_files": ["../services/notesService", "../utils/id", "./notesReducer", "../components/toast/ToastProvider"], "external_methods": ["getNotesService", "createId", "initialNotesState", "notesReducer", "useToasts"], "published": ["NotesContext", "NotesProvider", "useNotes"], "classes": [], "methods": [{"name": "makeNewNote()", "description": "Generates a new note object with default title, content, timestamps, and a unique ID.", "scope": "", "scopeKind": ""}, {"name": "NotesProvider({ children })", "description": "Main React component that provides notes state and actions via context, managing effects, and performing CRUD operations with external service integration.", "scope": "", "scopeKind": ""}, {"name": "useNotes()", "description": "Custom React hook to access notes context, ensuring it's used within a NotesProvider.", "scope": "", "scopeKind": ""}], "calls": ["createContext", "useCallback", "useContext", "useEffect", "useMemo", "useReducer", "getNotesService", "createId", "notesReducer", "useToasts", "dispatch", "pushToast", "service.listNotes", "service.createNote", "service.updateNote", "service.deleteNote"], "search-terms": ["NotesProvider", "NotesContext", "useNotes", "notesReducer", "createId", "loadNotes", "saveNote", "deleteNote", "notification", "context API", "React hooks"], "state": 2, "file_id": 20, "knowledge_revision": 62, "git_revision": "96e290d736afe4bc34d398b551076a8b3a4c0a25", "ctags": [{"_type": "tag", "name": "NotesContext", "path": "/home/kavia/workspace/code-generation/simple-notes-manager-304741-304760/notes_frontend/src/context/NotesContext.js", "pattern": "/^const NotesContext = createContext(null);$/", "language": "JavaScript", "kind": "constant"}, {"_type": "tag", "name": "NotesProvider", "path": "/home/kavia/workspace/code-generation/simple-notes-manager-304741-304760/notes_frontend/src/context/NotesContext.js", "pattern": "/^export function NotesProvider({ children }) {$/", "language": "JavaScript", "kind": "function", "signature": "({ children })"}, {"_type": "tag", "name": "makeNewNote", "path": "/home/kavia/workspace/code-generation/simple-notes-manager-304741-304760/notes_frontend/src/context/NotesContext.js", "pattern": "/^function makeNewNote() {$/", "language": "JavaScript", "kind": "function", "signature": "()"}, {"_type": "tag", "name": "useNotes", "path": "/home/kavia/workspace/code-generation/simple-notes-manager-304741-304760/notes_frontend/src/context/NotesContext.js", "pattern": "/^export function useNotes() {$/", "language": "JavaScript", "kind": "function", "signature": "()"}, {"_type": "tag", "name": "value", "path": "/home/kavia/workspace/code-generation/simple-notes-manager-304741-304760/notes_frontend/src/context/NotesContext.js", "pattern": "/^  return <NotesContext.Provider value={value}>{children}<\\/NotesContext.Provider>;$/", "language": "JavaScript", "kind": "field", "scope": "Provider", "scopeKind": "class"}], "hash": "f2fd8f43b396f3875703951079805d66", "format-version": 4, "code-base-name": "notes_frontend", "filename": "notes_frontend/src/context/NotesContext.js", "fields": [{"name": "return <NotesContext.Provider value={value}>{children}<\\/NotesContext.Provider>;", "scope": "Provider", "scopeKind": "class", "description": "unavailable"}], "revision_history": [{"62": "96e290d736afe4bc34d398b551076a8b3a4c0a25"}]}