{"is_source_file": true, "format": "JavaScript (React JSX)", "description": "Main frontend component for a notes management application, managing routing, layout, keyboard shortcuts, and context integration.", "external_files": ["./context/NotesContext", "./components/toast/ToastProvider", "./components/Navbar", "./components/NoteList", "./components/NoteEditor", "./hooks/useKeyboardShortcuts", "./App.css"], "external_methods": ["useNotes()", "useKeyboardShortcuts()", "navigate()", "dispatch()", "actions.createNote()", "actions.saveNote()"], "published": ["App", "AppRoutes", "NoteRouteSync", "AppLayout"], "classes": [], "methods": [{"name": "NoteRouteSync()", "description": "Synchronizes the selected note with the route parameter /note/:id.", "scope": "", "scopeKind": ""}, {"name": "AppLayout()", "description": "Main layout component that renders navigation, note list, editor, and handles keyboard shortcuts.", "scope": "", "scopeKind": ""}, {"name": "AppRoutes()", "description": "Defines application routing, redirecting to the first note or specific note route.", "scope": "", "scopeKind": ""}, {"name": "App()", "description": "Root component wrapping the app with context providers and routing.", "scope": "", "scopeKind": ""}], "calls": ["useParams()", "useNotes()", "useNavigate()", "dispatch()", "actions.createNote()", "actions.saveNote()", "useKeyboardShortcuts()", "navigate()"], "search-terms": ["React routing", "Notes context", "Keyboard shortcuts hooks", "Note list and editor", "Mobile navigation overlay", "Note synchronization with URL"], "state": 2, "file_id": 5, "knowledge_revision": 51, "git_revision": "96e290d736afe4bc34d398b551076a8b3a4c0a25", "revision_history": [{"24": "2c28562f2f1d8500fceb86c95e6dad6cfa4edc6b"}, {"51": "96e290d736afe4bc34d398b551076a8b3a4c0a25"}], "ctags": [{"_type": "tag", "name": "/note/${encodeURIComponent(firstId)}", "path": "/home/kavia/workspace/code-generation/simple-notes-manager-304741-304760/notes_frontend/src/App.js", "pattern": "/^      <Route path=\"\\/\" element={firstId ? <Navigate to={`\\/note\\/${encodeURIComponent(firstId)}`/", "language": "JavaScript", "kind": "field", "scope": "AppRoutes.firstId", "scopeKind": "class"}, {"_type": "tag", "name": "App", "path": "/home/kavia/workspace/code-generation/simple-notes-manager-304741-304760/notes_frontend/src/App.js", "pattern": "/^function App() {$/", "language": "JavaScript", "kind": "function", "signature": "()"}, {"_type": "tag", "name": "AppLayout", "path": "/home/kavia/workspace/code-generation/simple-notes-manager-304741-304760/notes_frontend/src/App.js", "pattern": "/^function AppLayout() {$/", "language": "JavaScript", "kind": "function", "signature": "()"}, {"_type": "tag", "name": "AppRoutes", "path": "/home/kavia/workspace/code-generation/simple-notes-manager-304741-304760/notes_frontend/src/App.js", "pattern": "/^function AppRoutes() {$/", "language": "JavaScript", "kind": "function", "signature": "()"}, {"_type": "tag", "name": "NoteRouteSync", "path": "/home/kavia/workspace/code-generation/simple-notes-manager-304741-304760/notes_frontend/src/App.js", "pattern": "/^function NoteRouteSync() {$/", "language": "JavaScript", "kind": "function", "signature": "()"}], "hash": "6591c6f09530632e961aa3e39fea604c", "format-version": 4, "code-base-name": "notes_frontend", "filename": "notes_frontend/src/App.js", "fields": [{"name": "<Route path=\"\\/\" element={firstId ? <Navigate to={`\\/note\\/${encodeURIComponent(firstId)}`/", "scope": "AppRoutes.firstId", "scopeKind": "class", "description": "unavailable"}]}