{"is_source_file": true, "format": "JavaScript", "description": "This file defines the reducer function for managing notes state in a React or Redux application. It includes initial state setup, state transitions based on different actions (loading, saving, updating, deleting notes, and UI state toggles), and is structured for predictable state management and unit testing.", "external_files": [], "external_methods": [], "published": ["initialNotesState", "notesReducer"], "classes": [], "methods": [{"name": "notesReducer(state, action)", "description": "A pure function that takes current state and an action, returning the new state based on the action type, used in Redux-style state management.", "scope": "", "scopeKind": ""}], "calls": ["switch", "...state", "...notes"], "search-terms": ["notesReducer", "initialNotesState", "notes", "state management", "Redux reducer"], "state": 2, "file_id": 19, "knowledge_revision": 61, "git_revision": "96e290d736afe4bc34d398b551076a8b3a4c0a25", "ctags": [{"_type": "tag", "name": "error", "path": "/home/kavia/workspace/code-generation/simple-notes-manager-304741-304760/notes_frontend/src/context/notesReducer.js", "pattern": "/^  error: null,$/", "language": "JavaScript", "kind": "property", "scope": "initialNotesState", "scopeKind": "class"}, {"_type": "tag", "name": "filter", "path": "/home/kavia/workspace/code-generation/simple-notes-manager-304741-304760/notes_frontend/src/context/notesReducer.js", "pattern": "/^  filter: \"\",$/", "language": "JavaScript", "kind": "property", "scope": "initialNotesState", "scopeKind": "class"}, {"_type": "tag", "name": "initialNotesState", "path": "/home/kavia/workspace/code-generation/simple-notes-manager-304741-304760/notes_frontend/src/context/notesReducer.js", "pattern": "/^export const initialNotesState = {$/", "language": "JavaScript", "kind": "class"}, {"_type": "tag", "name": "isListOpenMobile", "path": "/home/kavia/workspace/code-generation/simple-notes-manager-304741-304760/notes_frontend/src/context/notesReducer.js", "pattern": "/^  isListOpenMobile: false,$/", "language": "JavaScript", "kind": "property", "scope": "initialNotesState", "scopeKind": "class"}, {"_type": "tag", "name": "notes", "path": "/home/kavia/workspace/code-generation/simple-notes-manager-304741-304760/notes_frontend/src/context/notesReducer.js", "pattern": "/^  notes: [],$/", "language": "JavaScript", "kind": "property", "scope": "initialNotesState", "scopeKind": "class"}, {"_type": "tag", "name": "notesReducer", "path": "/home/kavia/workspace/code-generation/simple-notes-manager-304741-304760/notes_frontend/src/context/notesReducer.js", "pattern": "/^export function notesReducer(state, action) {$/", "language": "JavaScript", "kind": "function", "signature": "(state, action)"}, {"_type": "tag", "name": "selectedId", "path": "/home/kavia/workspace/code-generation/simple-notes-manager-304741-304760/notes_frontend/src/context/notesReducer.js", "pattern": "/^  selectedId: null,$/", "language": "JavaScript", "kind": "property", "scope": "initialNotesState", "scopeKind": "class"}, {"_type": "tag", "name": "status", "path": "/home/kavia/workspace/code-generation/simple-notes-manager-304741-304760/notes_frontend/src/context/notesReducer.js", "pattern": "/^  status: \"idle\",$/", "language": "JavaScript", "kind": "property", "scope": "initialNotesState", "scopeKind": "class"}], "hash": "a4dc7a9c116d47c36e874c7f811d5d3d", "format-version": 4, "code-base-name": "notes_frontend", "filename": "notes_frontend/src/context/notesReducer.js", "fields": [{"name": "error: null,", "scope": "initialNotesState", "scopeKind": "class", "description": "unavailable"}, {"name": "filter: \"\",", "scope": "initialNotesState", "scopeKind": "class", "description": "unavailable"}, {"name": "isListOpenMobile: false,", "scope": "initialNotesState", "scopeKind": "class", "description": "unavailable"}, {"name": "notes: [],", "scope": "initialNotesState", "scopeKind": "class", "description": "unavailable"}, {"name": "selectedId: null,", "scope": "initialNotesState", "scopeKind": "class", "description": "unavailable"}, {"name": "status: \"idle\",", "scope": "initialNotesState", "scopeKind": "class", "description": "unavailable"}], "revision_history": [{"61": "96e290d736afe4bc34d398b551076a8b3a4c0a25"}]}