{"is_source_file": false, "format": "", "description": "", "external_files": [], "external_methods": [], "published": [], "classes": [], "methods": [], "calls": [], "search-terms": [], "state": 2, "file_id": 6, "knowledge_revision": 52, "git_revision": "96e290d736afe4bc34d398b551076a8b3a4c0a25", "hash": "27e9102ce932dadd691d616b16aa8fbf", "format-version": 4, "code-base-name": "notes_frontend", "filename": "notes_frontend/src/App.css", "revision_history": [{"52": "96e290d736afe4bc34d398b551076a8b3a4c0a25"}]}