{"is_source_file": true, "format": "JavaScript (React JSX)", "description": "React component NoteEditor for editing notes with markdown preview, autosave, pinning, and color tag features.", "external_files": ["../context/NotesContext", "./ui/Button", "./ui/Input", "./ui/TextArea", "./ui/Card", "./notes.css"], "external_methods": ["useNotes()", "actions.saveNote", "actions.deleteNote", "actions.togglePinNote"], "published": [], "classes": [], "methods": [{"name": "useDebouncedCallback(callback, delayMs)", "description": "Creates a debounced callback function with cancel capability.", "scope": "", "scopeKind": ""}, {"name": "countWords(text)", "description": "Counts words in a given text.", "scope": "", "scopeKind": ""}, {"name": "escapeHtml(s)", "description": "Escapes HTML special characters in a string.", "scope": "", "scopeKind": ""}, {"name": "renderBasicMarkdownToHtml(md)", "description": "Converts a subset of Markdown syntax to HTML for preview.", "scope": "", "scopeKind": ""}, {"name": "NoteEditor({ onNavigateToNote })", "scope": "", "scopeKind": "", "description": "unavailable"}], "calls": ["useNotes()", "actions.saveNote", "actions.deleteNote", "actions.togglePinNote"], "search-terms": ["NoteEditor", "MarkdownPreview", "autosave", "pin", "color tags", "draft", "debounced callback"], "state": 2, "file_id": 32, "knowledge_revision": 105, "git_revision": "edb1725f373ca41cb8787c43d40afa43bec6b424", "revision_history": [{"74": "96e290d736afe4bc34d398b551076a8b3a4c0a25"}, {"80": "d61d480e95edc7d456cf8f1726142699e7781b60"}, {"91": "9811838c62820dfd6d23d7132709b80030463b06"}, {"98": "7d4d16fc6d49f2bce652e1975a59a961a67e7ba7"}, {"105": "edb1725f373ca41cb8787c43d40afa43bec6b424"}], "ctags": [{"_type": "tag", "name": "NoteEditor", "path": "/home/kavia/workspace/code-generation/simple-notes-manager-304741-304760/notes_frontend/src/components/NoteEditor.js", "pattern": "/^export function NoteEditor({ onNavigateToNote }) {$/", "language": "JavaScript", "kind": "function", "signature": "({ onNavigateToNote })"}, {"_type": "tag", "name": "aria", "path": "/home/kavia/workspace/code-generation/simple-notes-manager-304741-304760/notes_frontend/src/components/NoteEditor.js", "pattern": "/^            aria-selected={editorTab === \"preview\"}$/", "language": "JavaScript", "kind": "class", "scope": "NoteEditor", "scopeKind": "class"}, {"_type": "tag", "name": "aria", "path": "/home/kavia/workspace/code-generation/simple-notes-manager-304741-304760/notes_frontend/src/components/NoteEditor.js", "pattern": "/^            aria-selected={editorTab === \"write\"}$/", "language": "JavaScript", "kind": "class", "scope": "NoteEditor", "scopeKind": "class"}, {"_type": "tag", "name": "countWords", "path": "/home/kavia/workspace/code-generation/simple-notes-manager-304741-304760/notes_frontend/src/components/NoteEditor.js", "pattern": "/^function countWords(text) {$/", "language": "JavaScript", "kind": "function", "signature": "(text)"}, {"_type": "tag", "name": "draftTitle", "path": "/home/kavia/workspace/code-generation/simple-notes-manager-304741-304760/notes_frontend/src/components/NoteEditor.js", "pattern": "/^            value={draftTitle}$/", "language": "JavaScript", "kind": "field", "scope": "NoteEditor.value", "scopeKind": "class"}, {"_type": "tag", "name": "editorTab ${editorTab === \"preview\" ? \"editorTabActive\" : \"\"}", "path": "/home/kavia/workspace/code-generation/simple-notes-manager-304741-304760/notes_frontend/src/components/NoteEditor.js", "pattern": "/^            className={`editorTab ${editorTab === \"preview\" ? \"editorTabActive\" : \"\"}`}$/", "language": "JavaScript", "kind": "field", "scope": "NoteEditor.className", "scopeKind": "class"}, {"_type": "tag", "name": "editorTab ${editorTab === \"write\" ? \"editorTabActive\" : \"\"}", "path": "/home/kavia/workspace/code-generation/simple-notes-manager-304741-304760/notes_frontend/src/components/NoteEditor.js", "pattern": "/^            className={`editorTab ${editorTab === \"write\" ? \"editorTabActive\" : \"\"}`}$/", "language": "JavaScript", "kind": "field", "scope": "NoteEditor.className", "scopeKind": "class"}, {"_type": "tag", "name": "editorTab", "path": "/home/kavia/workspace/code-generation/simple-notes-manager-304741-304760/notes_frontend/src/components/NoteEditor.js", "pattern": "/^            aria-selected={editorTab === \"preview\"}$/", "language": "JavaScript", "kind": "property", "scope": "NoteEditor.aria", "scopeKind": "class"}, {"_type": "tag", "name": "editorTab", "path": "/home/kavia/workspace/code-generation/simple-notes-manager-304741-304760/notes_frontend/src/components/NoteEditor.js", "pattern": "/^            aria-selected={editorTab === \"write\"}$/", "language": "JavaScript", "kind": "property", "scope": "NoteEditor.aria", "scopeKind": "class"}, {"_type": "tag", "name": "escapeHtml", "path": "/home/kavia/workspace/code-generation/simple-notes-manager-304741-304760/notes_frontend/src/components/NoteEditor.js", "pattern": "/^function escapeHtml(s) {$/", "language": "JavaScript", "kind": "function", "signature": "(s)"}, {"_type": "tag", "name": "isPinned ? \"pinButtonActive\" : \"\"}", "path": "/home/kavia/workspace/code-generation/simple-notes-manager-304741-304760/notes_frontend/src/components/NoteEditor.js", "pattern": "/^              className={`pinButton pinButtonLarge ${selected.isPinned ? \"pinButtonActive\" : \"\"}/", "language": "JavaScript", "kind": "field", "scope": "NoteEditor.className.pinButton pinButtonLarge ${selected", "scopeKind": "class"}, {"_type": "tag", "name": "renderBasicMarkdownToHtml", "path": "/home/kavia/workspace/code-generation/simple-notes-manager-304741-304760/notes_frontend/src/components/NoteEditor.js", "pattern": "/^function renderBasicMarkdownToHtml(md) {$/", "language": "JavaScript", "kind": "function", "signature": "(md)"}, {"_type": "tag", "name": "selected", "path": "/home/kavia/workspace/code-generation/simple-notes-manager-304741-304760/notes_frontend/src/components/NoteEditor.js", "pattern": "/^              aria-label={selected.isPinned ? \"Unpin note\" : \"Pin note\"}$/", "language": "JavaScript", "kind": "field", "scope": "NoteEditor.aria", "scopeKind": "class"}, {"_type": "tag", "name": "selected", "path": "/home/kavia/workspace/code-generation/simple-notes-manager-304741-304760/notes_frontend/src/components/NoteEditor.js", "pattern": "/^              title={selected.isPinned ? \"Pinned\" : \"Pin\"}$/", "language": "JavaScript", "kind": "field", "scope": "NoteEditor.title", "scopeKind": "class"}, {"_type": "tag", "name": "useDebouncedCallback", "path": "/home/kavia/workspace/code-generation/simple-notes-manager-304741-304760/notes_frontend/src/components/NoteEditor.js", "pattern": "/^function useDebouncedCallback(callback, delayMs) {$/", "language": "JavaScript", "kind": "function", "signature": "(callback, delayMs)"}], "hash": "48f1473e4ab8c7a8d9826de920cf28de", "format-version": 4, "code-base-name": "notes_frontend", "filename": "notes_frontend/src/components/NoteEditor.js", "fields": [{"name": "value={draftTitle}", "scope": "NoteEditor.value", "scopeKind": "class", "description": "unavailable"}, {"name": "className={`editorTab ${editorTab === \"preview\" ? \"editorTabActive\" : \"\"}`}", "scope": "NoteEditor.className", "scopeKind": "class", "description": "unavailable"}, {"name": "className={`editorTab ${editorTab === \"write\" ? \"editorTabActive\" : \"\"}`}", "scope": "NoteEditor.className", "scopeKind": "class", "description": "unavailable"}, {"name": "aria-selected={editorTab === \"preview\"}", "scope": "NoteEditor.aria", "scopeKind": "class", "description": "unavailable"}, {"name": "aria-selected={editorTab === \"write\"}", "scope": "NoteEditor.aria", "scopeKind": "class", "description": "unavailable"}, {"name": "className={`pinButton pinButtonLarge ${selected.isPinned ? \"pinButtonActive\" : \"\"}/", "scope": "NoteEditor.className.pinButton pinButtonLarge ${selected", "scopeKind": "class", "description": "unavailable"}, {"name": "aria-label={selected.isPinned ? \"Unpin note\" : \"Pin note\"}", "scope": "NoteEditor.aria", "scopeKind": "class", "description": "unavailable"}, {"name": "title={selected.isPinned ? \"Pinned\" : \"Pin\"}", "scope": "NoteEditor.title", "scopeKind": "class", "description": "unavailable"}]}