{"is_source_file": true, "format": "JavaScript", "description": "This file defines API service functions for performing CRUD operations (list, create, update, delete) on 'notes' by communicating with a backend API. It includes utility functions for constructing the base URL and making HTTP requests, along with exported functions to interact with notes.", "external_files": ["node_modules/whatwg-fetch", "// External fetch API; may be polyfilled in environments"], "external_methods": ["fetch"], "published": ["listNotes", "createNote", "updateNote", "deleteNote"], "classes": [], "methods": [{"name": "getBaseUrl()", "description": "Constructs the base URL for API requests based on environment variables.", "scope": "", "scopeKind": ""}, {"name": "request(path, options = {})", "description": "Performs an HTTP request to the backend API, handling response parsing and error handling.", "scope": "", "scopeKind": ""}, {"name": "listNotes()", "description": "Retrieves the list of notes from the backend.", "scope": "", "scopeKind": ""}, {"name": "createNote(note)", "description": "Creates a new note on the backend with the provided note data.", "scope": "", "scopeKind": ""}, {"name": "updateNote(id, patch)", "description": "Updates an existing note identified by its ID with the provided patch data.", "scope": "", "scopeKind": ""}, {"name": "deleteNote(id)", "description": "Deletes a note identified by its ID from the backend.", "scope": "", "scopeKind": ""}], "calls": ["fetch"], "search-terms": ["apiNotesService", "Notes API", "HTTP CRUD", "React environment variables", "frontend API service"], "state": 2, "file_id": 17, "knowledge_revision": 59, "git_revision": "96e290d736afe4bc34d398b551076a8b3a4c0a25", "ctags": [{"_type": "tag", "name": "createNote", "path": "/home/kavia/workspace/code-generation/simple-notes-manager-304741-304760/notes_frontend/src/services/apiNotesService.js", "pattern": "/^export async function createNote(note) {$/", "language": "JavaScript", "kind": "function", "signature": "(note)"}, {"_type": "tag", "name": "deleteNote", "path": "/home/kavia/workspace/code-generation/simple-notes-manager-304741-304760/notes_frontend/src/services/apiNotesService.js", "pattern": "/^export async function deleteNote(id) {$/", "language": "JavaScript", "kind": "function", "signature": "(id)"}, {"_type": "tag", "name": "getBaseUrl", "path": "/home/kavia/workspace/code-generation/simple-notes-manager-304741-304760/notes_frontend/src/services/apiNotesService.js", "pattern": "/^function getBaseUrl() {$/", "language": "JavaScript", "kind": "function", "signature": "()"}, {"_type": "tag", "name": "listNotes", "path": "/home/kavia/workspace/code-generation/simple-notes-manager-304741-304760/notes_frontend/src/services/apiNotesService.js", "pattern": "/^export async function listNotes() {$/", "language": "JavaScript", "kind": "function", "signature": "()"}, {"_type": "tag", "name": "request", "path": "/home/kavia/workspace/code-generation/simple-notes-manager-304741-304760/notes_frontend/src/services/apiNotesService.js", "pattern": "/^async function request(path, options = {}) {$/", "language": "JavaScript", "kind": "function", "signature": "(path, options = {})"}, {"_type": "tag", "name": "updateNote", "path": "/home/kavia/workspace/code-generation/simple-notes-manager-304741-304760/notes_frontend/src/services/apiNotesService.js", "pattern": "/^export async function updateNote(id, patch) {$/", "language": "JavaScript", "kind": "function", "signature": "(id, patch)"}], "hash": "c2adcf41b1622d9d00c869606825bc78", "format-version": 4, "code-base-name": "notes_frontend", "filename": "notes_frontend/src/services/apiNotesService.js", "revision_history": [{"59": "96e290d736afe4bc34d398b551076a8b3a4c0a25"}]}