{"is_source_file": true, "format": "JavaScript", "description": "This file defines a Redux-like reducer function and associated state management logic for handling notes in a note-taking application. It includes initial state setup, helper functions for managing note properties, sorting logic, and a reducer function for various actions like loading, creating, updating, pinning, deleting notes, and handling UI state.", "external_files": [], "external_methods": [], "published": ["initialNotesState", "notesReducer"], "classes": [], "methods": [{"name": "getUpdatedAt(note)", "description": "Helper function to retrieve the 'updatedAt' string from a note object.", "scope": "", "scopeKind": ""}, {"name": "getIsPinned(note)", "description": "Helper function to determine if a note is pinned.", "scope": "", "scopeKind": ""}, {"name": "sortNotesPinnedThenUpdatedDesc(notes)", "description": "Sorts an array of notes, prioritizing pinned notes first, then by most recent 'updatedAt'.", "scope": "", "scopeKind": ""}, {"name": "notesReducer(state, action)", "scope": "", "scopeKind": "", "description": "unavailable"}], "calls": ["sortNotesPinnedThenUpdatedDesc", "getIsPinned", "getUpdatedAt", "Array.prototype.map", "Array.prototype.sort", "Array.prototype.findIndex", "Array.prototype.slice", "Array.prototype.filter"], "search-terms": ["notesReducer", "state shape", "note sorting", "pinned notes", "notes actions", "redux reducer", "state management notes"], "state": 2, "file_id": 19, "knowledge_revision": 92, "git_revision": "7d4d16fc6d49f2bce652e1975a59a961a67e7ba7", "revision_history": [{"61": "96e290d736afe4bc34d398b551076a8b3a4c0a25"}, {"92": "7d4d16fc6d49f2bce652e1975a59a961a67e7ba7"}], "ctags": [{"_type": "tag", "name": "error", "path": "/home/kavia/workspace/code-generation/simple-notes-manager-304741-304760/notes_frontend/src/context/notesReducer.js", "pattern": "/^  error: null,$/", "language": "JavaScript", "kind": "property", "scope": "initialNotesState", "scopeKind": "class"}, {"_type": "tag", "name": "filter", "path": "/home/kavia/workspace/code-generation/simple-notes-manager-304741-304760/notes_frontend/src/context/notesReducer.js", "pattern": "/^  filter: \"\",$/", "language": "JavaScript", "kind": "property", "scope": "initialNotesState", "scopeKind": "class"}, {"_type": "tag", "name": "getIsPinned", "path": "/home/kavia/workspace/code-generation/simple-notes-manager-304741-304760/notes_frontend/src/context/notesReducer.js", "pattern": "/^function getIsPinned(note) {$/", "language": "JavaScript", "kind": "function", "signature": "(note)"}, {"_type": "tag", "name": "getUpdatedAt", "path": "/home/kavia/workspace/code-generation/simple-notes-manager-304741-304760/notes_frontend/src/context/notesReducer.js", "pattern": "/^function getUpdatedAt(note) {$/", "language": "JavaScript", "kind": "function", "signature": "(note)"}, {"_type": "tag", "name": "initialNotesState", "path": "/home/kavia/workspace/code-generation/simple-notes-manager-304741-304760/notes_frontend/src/context/notesReducer.js", "pattern": "/^export const initialNotesState = {$/", "language": "JavaScript", "kind": "class"}, {"_type": "tag", "name": "isListOpenMobile", "path": "/home/kavia/workspace/code-generation/simple-notes-manager-304741-304760/notes_frontend/src/context/notesReducer.js", "pattern": "/^  isListOpenMobile: false,$/", "language": "JavaScript", "kind": "property", "scope": "initialNotesState", "scopeKind": "class"}, {"_type": "tag", "name": "notes", "path": "/home/kavia/workspace/code-generation/simple-notes-manager-304741-304760/notes_frontend/src/context/notesReducer.js", "pattern": "/^  notes: [],$/", "language": "JavaScript", "kind": "property", "scope": "initialNotesState", "scopeKind": "class"}, {"_type": "tag", "name": "notesReducer", "path": "/home/kavia/workspace/code-generation/simple-notes-manager-304741-304760/notes_frontend/src/context/notesReducer.js", "pattern": "/^export function notesReducer(state, action) {$/", "language": "JavaScript", "kind": "function", "signature": "(state, action)"}, {"_type": "tag", "name": "selectedId", "path": "/home/kavia/workspace/code-generation/simple-notes-manager-304741-304760/notes_frontend/src/context/notesReducer.js", "pattern": "/^  selectedId: null,$/", "language": "JavaScript", "kind": "property", "scope": "initialNotesState", "scopeKind": "class"}, {"_type": "tag", "name": "sortNotesPinnedThenUpdatedDesc", "path": "/home/kavia/workspace/code-generation/simple-notes-manager-304741-304760/notes_frontend/src/context/notesReducer.js", "pattern": "/^function sortNotesPinnedThenUpdatedDesc(notes) {$/", "language": "JavaScript", "kind": "function", "signature": "(notes)"}, {"_type": "tag", "name": "status", "path": "/home/kavia/workspace/code-generation/simple-notes-manager-304741-304760/notes_frontend/src/context/notesReducer.js", "pattern": "/^  status: \"idle\",$/", "language": "JavaScript", "kind": "property", "scope": "initialNotesState", "scopeKind": "class"}], "hash": "05132cf650bb4f0618f68ff916c83c8c", "format-version": 4, "code-base-name": "notes_frontend", "filename": "notes_frontend/src/context/notesReducer.js", "fields": [{"name": "error: null,", "scope": "initialNotesState", "scopeKind": "class", "description": "unavailable"}, {"name": "filter: \"\",", "scope": "initialNotesState", "scopeKind": "class", "description": "unavailable"}, {"name": "isListOpenMobile: false,", "scope": "initialNotesState", "scopeKind": "class", "description": "unavailable"}, {"name": "notes: [],", "scope": "initialNotesState", "scopeKind": "class", "description": "unavailable"}, {"name": "selectedId: null,", "scope": "initialNotesState", "scopeKind": "class", "description": "unavailable"}, {"name": "status: \"idle\",", "scope": "initialNotesState", "scopeKind": "class", "description": "unavailable"}]}