{"is_source_file": false, "format": "", "description": "", "external_files": [], "external_methods": [], "published": [], "classes": [], "methods": [], "calls": [], "search-terms": [], "state": 2, "file_id": 33, "knowledge_revision": 99, "git_revision": "7d4d16fc6d49f2bce652e1975a59a961a67e7ba7", "hash": "948db86dc9ba221a385e2bcdd935f466", "format-version": 4, "code-base-name": "notes_frontend", "filename": "notes_frontend/src/components/notes.css", "revision_history": [{"99": "7d4d16fc6d49f2bce652e1975a59a961a67e7ba7"}]}