{"is_source_file": true, "format": "JavaScript (React)", "description": "A React component for displaying and managing a list of notes with search, create, and selection functionalities.", "external_files": ["../context/NotesContext", "./ui/Button", "./ui/Input", "./ui/Card", "./NoteListItem", "./notes.css"], "external_methods": ["useNotes", "dispatch", "actions.createNote"], "published": ["NoteList"], "classes": [], "methods": [{"name": "NoteList({ onNavigateToNote })", "description": "React functional component that renders a list of notes, includes search, create, and navigation features.", "scope": "", "scopeKind": ""}], "calls": ["useNotes", "dispatch", "actions.createNote", "onNavigateToNote", "useMemo", "filter", "map", "dispatch", "onNavigateToNote"], "search-terms": ["NoteList", "notes", "search", "create note", "NoteListItem", "NotesContext", "filter"], "state": 2, "file_id": 30, "knowledge_revision": 96, "git_revision": "7d4d16fc6d49f2bce652e1975a59a961a67e7ba7", "revision_history": [{"72": "96e290d736afe4bc34d398b551076a8b3a4c0a25"}, {"83": "d61d480e95edc7d456cf8f1726142699e7781b60"}, {"96": "7d4d16fc6d49f2bce652e1975a59a961a67e7ba7"}], "ctags": [{"_type": "tag", "name": "NoteList", "path": "/home/kavia/workspace/code-generation/simple-notes-manager-304741-304760/notes_frontend/src/components/NoteList.js", "pattern": "/^export function NoteList({ onNavigateToNote }) {$/", "language": "JavaScript", "kind": "function", "signature": "({ onNavigateToNote })"}, {"_type": "tag", "name": "note", "path": "/home/kavia/workspace/code-generation/simple-notes-manager-304741-304760/notes_frontend/src/components/NoteList.js", "pattern": "/^              const note = await actions.createNote();$/", "language": "JavaScript", "kind": "constant", "scope": "onClick", "scopeKind": "class"}, {"_type": "tag", "name": "state", "path": "/home/kavia/workspace/code-generation/simple-notes-manager-304741-304760/notes_frontend/src/components/NoteList.js", "pattern": "/^            value={state.filter}$/", "language": "JavaScript", "kind": "field", "scope": "value", "scopeKind": "class"}], "hash": "ee2af5f80900c5f7dafbd7f78e6b4330", "format-version": 4, "code-base-name": "notes_frontend", "filename": "notes_frontend/src/components/NoteList.js", "fields": [{"name": "value={state.filter}", "scope": "value", "scopeKind": "class", "description": "unavailable"}]}