{"is_source_file": true, "format": "JavaScript", "description": "This file defines a React functional component 'NoteListItem' used to display a single note's preview in a notes management application. It includes internal utility functions for text highlighting and manages user interactions such as pinning notes and selection.", "external_files": ["../utils/datetime", "../context/NotesContext", "./notes.css"], "external_methods": ["formatTimestamp"], "published": ["NoteListItem"], "classes": [], "methods": [{"name": "escapeRegExp(s)", "description": "Utility function to escape special characters in a string for use in a regular expression.", "scope": "", "scopeKind": ""}, {"name": "highlightText(text, query)", "description": "Highlights occurrences of the query string within a given text by wrapping them in a <mark> element.", "scope": "", "scopeKind": ""}, {"name": "NoteListItem({ note, query = \"\", isSelected, isMultiSelected = false, onSelect, onToggleSelectionKeyDown })", "scope": "", "scopeKind": "", "description": "unavailable"}], "calls": ["useNotes.actions.togglePinNote", "formatTimestamp"], "search-terms": ["NoteListItem", "highlightText", "NotesContext", "formatTimestamp", "pin", "checkbox", "note highlight"], "state": 2, "file_id": 31, "knowledge_revision": 104, "git_revision": "edb1725f373ca41cb8787c43d40afa43bec6b424", "revision_history": [{"73": "96e290d736afe4bc34d398b551076a8b3a4c0a25"}, {"97": "7d4d16fc6d49f2bce652e1975a59a961a67e7ba7"}, {"104": "edb1725f373ca41cb8787c43d40afa43bec6b424"}], "ctags": [{"_type": "tag", "name": "NoteListItem", "path": "/home/kavia/workspace/code-generation/simple-notes-manager-304741-304760/notes_frontend/src/components/NoteListItem.js", "pattern": "/^export function NoteListItem({ note, query = \"\", isSelected, isMultiSelected = false, onSelect, /", "language": "JavaScript", "kind": "function", "signature": "({ note, query = \"\", isSelected, isMultiSelected = false, onSelect, onToggleSelectionKeyDown })"}, {"_type": "tag", "name": "color || \"blue\"}", "path": "/home/kavia/workspace/code-generation/simple-notes-manager-304741-304760/notes_frontend/src/components/NoteListItem.js", "pattern": "/^            aria-label={`Color tag: ${note.color || \"blue\"}`}$/", "language": "JavaScript", "kind": "field", "scope": "NoteListItem.aria.Color tag: ${note", "scopeKind": "class"}, {"_type": "tag", "name": "color || \"blue\"}", "path": "/home/kavia/workspace/code-generation/simple-notes-manager-304741-304760/notes_frontend/src/components/NoteListItem.js", "pattern": "/^            className={`noteColorSwatch noteColor-${note.color || \"blue\"}`}$/", "language": "JavaScript", "kind": "field", "scope": "NoteListItem.className.noteColorSwatch noteColor-${note", "scopeKind": "class"}, {"_type": "tag", "name": "color || \"blue\"}", "path": "/home/kavia/workspace/code-generation/simple-notes-manager-304741-304760/notes_frontend/src/components/NoteListItem.js", "pattern": "/^            title={`Color: ${note.color || \"blue\"}`}$/", "language": "JavaScript", "kind": "field", "scope": "NoteListItem.title.Color: ${note", "scopeKind": "class"}, {"_type": "tag", "name": "escapeRegExp", "path": "/home/kavia/workspace/code-generation/simple-notes-manager-304741-304760/notes_frontend/src/components/NoteListItem.js", "pattern": "/^function escapeRegExp(s) {$/", "language": "JavaScript", "kind": "function", "signature": "(s)"}, {"_type": "tag", "name": "highlightText", "path": "/home/kavia/workspace/code-generation/simple-notes-manager-304741-304760/notes_frontend/src/components/NoteListItem.js", "pattern": "/^function highlightText(text, query) {$/", "language": "JavaScript", "kind": "function", "signature": "(text, query)"}, {"_type": "tag", "name": "isMultiSelected", "path": "/home/kavia/workspace/code-generation/simple-notes-manager-304741-304760/notes_frontend/src/components/NoteListItem.js", "pattern": "/^      aria-pressed={isMultiSelected ? true : undefined}$/", "language": "JavaScript", "kind": "field", "scope": "NoteListItem.aria", "scopeKind": "class"}, {"_type": "tag", "name": "isPinned ? \"pinButtonActive\" : \"\"}", "path": "/home/kavia/workspace/code-generation/simple-notes-manager-304741-304760/notes_frontend/src/components/NoteListItem.js", "pattern": "/^            className={`pinButton ${note.isPinned ? \"pinButtonActive\" : \"\"}`}$/", "language": "JavaScript", "kind": "field", "scope": "NoteListItem.className.pinButton ${note", "scopeKind": "class"}, {"_type": "tag", "name": "note", "path": "/home/kavia/workspace/code-generation/simple-notes-manager-304741-304760/notes_frontend/src/components/NoteListItem.js", "pattern": "/^            aria-label={note.isPinned ? \"Unpin note\" : \"Pin note\"}$/", "language": "JavaScript", "kind": "field", "scope": "NoteListItem.aria", "scopeKind": "class"}, {"_type": "tag", "name": "note", "path": "/home/kavia/workspace/code-generation/simple-notes-manager-304741-304760/notes_frontend/src/components/NoteListItem.js", "pattern": "/^            title={note.isPinned ? \"Pinned\" : \"Pin\"}$/", "language": "JavaScript", "kind": "field", "scope": "NoteListItem.title", "scopeKind": "class"}, {"_type": "tag", "name": "noteRow ${isSelected ? \"noteRowSelected\" : \"\"} ${isMultiSelected ? \"noteRowMultiSelected\" : \"\"}", "path": "/home/kavia/workspace/code-generation/simple-notes-manager-304741-304760/notes_frontend/src/components/NoteListItem.js", "pattern": "/^      className={`noteRow ${isSelected ? \"noteRowSelected\" : \"\"} ${isMultiSelected ? \"noteRowMul/", "language": "JavaScript", "kind": "field", "scope": "NoteListItem.className", "scopeKind": "class"}, {"_type": "tag", "name": "onSelect", "path": "/home/kavia/workspace/code-generation/simple-notes-manager-304741-304760/notes_frontend/src/components/NoteListItem.js", "pattern": "/^      onClick={onSelect}$/", "language": "JavaScript", "kind": "field", "scope": "NoteListItem.onClick", "scopeKind": "class"}, {"_type": "tag", "name": "onTogglePin", "path": "/home/kavia/workspace/code-generation/simple-notes-manager-304741-304760/notes_frontend/src/components/NoteListItem.js", "pattern": "/^            onClick={onTogglePin}$/", "language": "JavaScript", "kind": "field", "scope": "NoteListItem.onClick", "scopeKind": "class"}, {"_type": "tag", "name": "onToggleSelectionKeyDown", "path": "/home/kavia/workspace/code-generation/simple-notes-manager-304741-304760/notes_frontend/src/components/NoteListItem.js", "pattern": "/^      onKeyDown={onToggleSelectionKeyDown}$/", "language": "JavaScript", "kind": "field", "scope": "NoteListItem.onKeyDown", "scopeKind": "class"}, {"_type": "tag", "name": "title || \"Untitled note\"}", "path": "/home/kavia/workspace/code-generation/simple-notes-manager-304741-304760/notes_frontend/src/components/NoteListItem.js", "pattern": "/^      aria-label={`Open note: ${note.title || \"Untitled note\"}`}$/", "language": "JavaScript", "kind": "field", "scope": "NoteListItem.aria.Open note: ${note", "scopeKind": "class"}], "hash": "30bf7aec00b0c12a5c3630952c85b2bb", "format-version": 4, "code-base-name": "notes_frontend", "filename": "notes_frontend/src/components/NoteListItem.js", "fields": [{"name": "aria-label={`Color tag: ${note.color || \"blue\"}`}", "scope": "NoteListItem.aria.Color tag: ${note", "scopeKind": "class", "description": "unavailable"}, {"name": "className={`noteColorSwatch noteColor-${note.color || \"blue\"}`}", "scope": "NoteListItem.className.noteColorSwatch noteColor-${note", "scopeKind": "class", "description": "unavailable"}, {"name": "title={`Color: ${note.color || \"blue\"}`}", "scope": "NoteListItem.title.Color: ${note", "scopeKind": "class", "description": "unavailable"}, {"name": "aria-pressed={isMultiSelected ? true : undefined}", "scope": "NoteListItem.aria", "scopeKind": "class", "description": "unavailable"}, {"name": "className={`pinButton ${note.isPinned ? \"pinButtonActive\" : \"\"}`}", "scope": "NoteListItem.className.pinButton ${note", "scopeKind": "class", "description": "unavailable"}, {"name": "aria-label={note.isPinned ? \"Unpin note\" : \"Pin note\"}", "scope": "NoteListItem.aria", "scopeKind": "class", "description": "unavailable"}, {"name": "title={note.isPinned ? \"Pinned\" : \"Pin\"}", "scope": "NoteListItem.title", "scopeKind": "class", "description": "unavailable"}, {"name": "className={`noteRow ${isSelected ? \"noteRowSelected\" : \"\"} ${isMultiSelected ? \"noteRowMul/", "scope": "NoteListItem.className", "scopeKind": "class", "description": "unavailable"}, {"name": "onClick={onSelect}", "scope": "NoteListItem.onClick", "scopeKind": "class", "description": "unavailable"}, {"name": "onClick={onTogglePin}", "scope": "NoteListItem.onClick", "scopeKind": "class", "description": "unavailable"}, {"name": "onKeyDown={onToggleSelectionKeyDown}", "scope": "NoteListItem.onKeyDown", "scopeKind": "class", "description": "unavailable"}, {"name": "aria-label={`Open note: ${note.title || \"Untitled note\"}`}", "scope": "NoteListItem.aria.Open note: ${note", "scopeKind": "class", "description": "unavailable"}]}