{"is_source_file": true, "format": "JavaScript (React JSX)", "description": "This file defines a React functional component 'NoteListItem' that renders a preview row for a note, including its title, a content preview, and a timestamp.", "external_files": ["../utils/datetime", "./notes.css"], "external_methods": ["formatTimestamp"], "published": ["NoteListItem"], "classes": [], "methods": [{"name": "NoteListItem({ note, isSelected, onSelect })", "description": "A React functional component that displays a note preview row with title, content snippet, and formatted timestamp.", "scope": "", "scopeKind": ""}], "calls": ["formatTimestamp"], "search-terms": ["React", "NoteListItem", "note preview", "timestamp formatting", "component"], "state": 2, "file_id": 31, "knowledge_revision": 73, "git_revision": "96e290d736afe4bc34d398b551076a8b3a4c0a25", "ctags": [{"_type": "tag", "name": "NoteListItem", "path": "/home/kavia/workspace/code-generation/simple-notes-manager-304741-304760/notes_frontend/src/components/NoteListItem.js", "pattern": "/^export function NoteListItem({ note, isSelected, onSelect }) {$/", "language": "JavaScript", "kind": "function", "signature": "({ note, isSelected, onSelect })"}], "hash": "4241b26efb0caf2c42f8ac8844239806", "format-version": 4, "code-base-name": "notes_frontend", "filename": "notes_frontend/src/components/NoteListItem.js", "revision_history": [{"73": "96e290d736afe4bc34d398b551076a8b3a4c0a25"}]}