{"is_source_file": false, "format": "", "description": "", "external_files": [], "external_methods": [], "published": [], "classes": [], "methods": [], "calls": [], "search-terms": ["css", ".uiCard", ".uiButton", ".uiField", ".uiLabel", ".uiRow", ".skeleton"], "state": 2, "file_id": 21, "knowledge_revision": 63, "git_revision": "96e290d736afe4bc34d398b551076a8b3a4c0a25", "hash": "5447e98446c70eecdd679b2304b08832", "format-version": 4, "code-base-name": "notes_frontend", "filename": "notes_frontend/src/components/ui/ui.css", "revision_history": [{"63": "96e290d736afe4bc34d398b551076a8b3a4c0a25"}]}