{"is_source_file": false, "format": "JSON", "description": "", "external_files": [], "external_methods": [], "published": [], "classes": [], "methods": [], "calls": [], "search-terms": [], "state": 2, "file_id": 9, "knowledge_revision": 15, "git_revision": "2c28562f2f1d8500fceb86c95e6dad6cfa4edc6b", "hash": "d9d975cebe2ec20b6c652e1e4c12ccf0", "format-version": 4, "code-base-name": "notes_frontend", "filename": "notes_frontend/public/manifest.json", "revision_history": [{"15": "2c28562f2f1d8500fceb86c95e6dad6cfa4edc6b"}]}