{"is_source_file": true, "format": "JavaScript", "description": "Custom React hook 'useKeyboardShortcuts' that registers keyboard shortcuts for creating a new note (Cmd/Ctrl+N) and saving the current note (Cmd/Ctrl+S) by adding and removing a keydown event listener.", "external_files": ["react"], "external_methods": ["useEffect"], "published": ["useKeyboardShortcuts"], "classes": [], "methods": [{"name": "useKeyboardShortcuts({ onNewNote, onSave })", "description": "A React hook that registers keyboard shortcuts for 'New Note' and 'Save Note' commands, triggering provided callback functions when the shortcuts are pressed.", "scope": "", "scopeKind": ""}], "calls": ["window.addEventListener", "window.removeEventListener"], "search-terms": ["react hook", "keyboard shortcuts", "useEffect", "useKeyboardShortcuts", "event listener"], "state": 2, "file_id": 34, "knowledge_revision": 76, "git_revision": "96e290d736afe4bc34d398b551076a8b3a4c0a25", "ctags": [{"_type": "tag", "name": "useKeyboardShortcuts", "path": "/home/kavia/workspace/code-generation/simple-notes-manager-304741-304760/notes_frontend/src/hooks/useKeyboardShortcuts.js", "pattern": "/^export function useKeyboardShortcuts({ onNewNote, onSave }) {$/", "language": "JavaScript", "kind": "function", "signature": "({ onNewNote, onSave })"}], "hash": "e15eb43a28619073843a52f6a53280f5", "format-version": 4, "code-base-name": "notes_frontend", "filename": "notes_frontend/src/hooks/useKeyboardShortcuts.js", "revision_history": [{"76": "96e290d736afe4bc34d398b551076a8b3a4c0a25"}]}