{"is_source_file": true, "format": "JavaScript", "description": "This file defines a React component 'ToastProvider' that manages toast notifications, along with a custom hook 'useToasts' for consuming the notification context. It handles state management for toasts, their rendering, and provides functions to push and remove toasts.", "external_files": ["../../utils/id", "./toasts.css"], "external_methods": ["createId"], "published": ["ToastProvider", "useToasts"], "classes": [], "methods": [{"name": "ToastProvider({ children })", "description": "React component providing toast notification context to children, managing toasts state and rendering notifications.", "scope": "", "scopeKind": ""}, {"name": "useToasts()", "description": "Custom hook to access toast notification actions and state within components.", "scope": "", "scopeKind": ""}], "calls": ["React.createContext", "React.useCallback", "React.useContext", "React.useMemo", "React.useState", "createId", "setTimeout"], "search-terms": ["ToastProvider", "useToasts", "toast notifications", "createId", "React Context"], "state": 2, "file_id": 26, "knowledge_revision": 68, "git_revision": "96e290d736afe4bc34d398b551076a8b3a4c0a25", "ctags": [{"_type": "tag", "name": "ToastProvider", "path": "/home/kavia/workspace/code-generation/simple-notes-manager-304741-304760/notes_frontend/src/components/toast/ToastProvider.js", "pattern": "/^export function ToastProvider({ children }) {$/", "language": "JavaScript", "kind": "function", "signature": "({ children })"}, {"_type": "tag", "name": "ToastsContext", "path": "/home/kavia/workspace/code-generation/simple-notes-manager-304741-304760/notes_frontend/src/components/toast/ToastProvider.js", "pattern": "/^const ToastsContext = createContext(null);$/", "language": "JavaScript", "kind": "constant"}, {"_type": "tag", "name": "useToasts", "path": "/home/kavia/workspace/code-generation/simple-notes-manager-304741-304760/notes_frontend/src/components/toast/ToastProvider.js", "pattern": "/^export function useToasts() {$/", "language": "JavaScript", "kind": "function", "signature": "()"}, {"_type": "tag", "name": "value", "path": "/home/kavia/workspace/code-generation/simple-notes-manager-304741-304760/notes_frontend/src/components/toast/ToastProvider.js", "pattern": "/^    <ToastsContext.Provider value={value}>$/", "language": "JavaScript", "kind": "field", "scope": "Provider", "scopeKind": "class"}], "hash": "d814b9e1fa6fa8e98ed7a946712d8f30", "format-version": 4, "code-base-name": "notes_frontend", "filename": "notes_frontend/src/components/toast/ToastProvider.js", "fields": [{"name": "<ToastsContext.Provider value={value}>", "scope": "Provider", "scopeKind": "class", "description": "unavailable"}], "revision_history": [{"68": "96e290d736afe4bc34d398b551076a8b3a4c0a25"}]}