{"is_source_file": true, "format": "JavaScript/React", "description": "This file defines React functional components 'Card' and 'CardBody', which are simple UI primitives used for layout/styling purposes in a React project.", "external_files": ["./ui.css"], "external_methods": [], "published": ["Card", "CardBody"], "classes": [], "methods": [{"name": "Card({ className = \"\", children })", "description": "React component that renders a div with class 'uiCard' and optional additional class and children.", "scope": "", "scopeKind": ""}, {"name": "CardBody({ className = \"\", children })", "description": "React component that renders a div with class 'uiCardBody' and optional additional class and children.", "scope": "", "scopeKind": ""}], "calls": ["React", "React.createElement", "React.Fragment"], "search-terms": ["Card", "CardBody", "React components", "uiCard", "uiCardBody"], "state": 2, "file_id": 25, "knowledge_revision": 67, "git_revision": "96e290d736afe4bc34d398b551076a8b3a4c0a25", "ctags": [{"_type": "tag", "name": "Card", "path": "/home/kavia/workspace/code-generation/simple-notes-manager-304741-304760/notes_frontend/src/components/ui/Card.js", "pattern": "/^export function Card({ className = \"\", children }) {$/", "language": "JavaScript", "kind": "function", "signature": "({ className = \"\", children })"}, {"_type": "tag", "name": "CardBody", "path": "/home/kavia/workspace/code-generation/simple-notes-manager-304741-304760/notes_frontend/src/components/ui/Card.js", "pattern": "/^export function CardBody({ className = \"\", children }) {$/", "language": "JavaScript", "kind": "function", "signature": "({ className = \"\", children })"}, {"_type": "tag", "name": "uiCard ${className}", "path": "/home/kavia/workspace/code-generation/simple-notes-manager-304741-304760/notes_frontend/src/components/ui/Card.js", "pattern": "/^  return <div className={`uiCard ${className}`}>{children}<\\/div>;$/", "language": "JavaScript", "kind": "field", "scope": "Card.AnonymousClass3f6a8a950101", "scopeKind": "class"}, {"_type": "tag", "name": "uiCardBody ${className}", "path": "/home/kavia/workspace/code-generation/simple-notes-manager-304741-304760/notes_frontend/src/components/ui/Card.js", "pattern": "/^  return <div className={`uiCardBody ${className}`}>{children}<\\/div>;$/", "language": "JavaScript", "kind": "field", "scope": "CardBody.AnonymousClass3f6a8a950201", "scopeKind": "class"}], "hash": "62d788cc956b4a31ab09f271c22db794", "format-version": 4, "code-base-name": "notes_frontend", "filename": "notes_frontend/src/components/ui/Card.js", "fields": [{"name": "return <div className={`uiCard ${className}`}>{children}<\\/div>;", "scope": "Card.AnonymousClass3f6a8a950101", "scopeKind": "class", "description": "unavailable"}, {"name": "return <div className={`uiCardBody ${className}`}>{children}<\\/div>;", "scope": "CardBody.AnonymousClass3f6a8a950201", "scopeKind": "class", "description": "unavailable"}], "revision_history": [{"67": "96e290d736afe4bc34d398b551076a8b3a4c0a25"}]}