{"is_source_file": true, "format": "JavaScript (React)", "description": "A React functional component named Input providing a labeled input field with customizable className and props.", "external_files": ["react", "./ui.css"], "external_methods": [], "published": ["Input"], "classes": [], "methods": [{"name": "Input({ label, className = \"\", ...props })", "description": "React functional component rendering a labeled input field with customizable label, className, and other props.", "scope": "", "scopeKind": ""}], "calls": ["React", "React.createElement"], "search-terms": ["React", "Input", "label", "uiLabel", "uiField", "UI component", "Input.js"], "state": 2, "file_id": 23, "knowledge_revision": 65, "git_revision": "96e290d736afe4bc34d398b551076a8b3a4c0a25", "ctags": [{"_type": "tag", "name": "Input", "path": "/home/kavia/workspace/code-generation/simple-notes-manager-304741-304760/notes_frontend/src/components/ui/Input.js", "pattern": "/^export function Input({ label, className = \"\", ...props }) {$/", "language": "JavaScript", "kind": "function", "signature": "({ label, className = \"\", ...props })"}], "hash": "dad4bd8cfb0259f450b2ee111b6b44d5", "format-version": 4, "code-base-name": "notes_frontend", "filename": "notes_frontend/src/components/ui/Input.js", "revision_history": [{"65": "96e290d736afe4bc34d398b551076a8b3a4c0a25"}]}