{"is_source_file": true, "format": "JavaScript", "description": "React functional component for the top navigation bar ('Navbar') of the Notes web application, displaying application mode and a toggle button for mobile view.", "external_files": ["./ui/Button", "../services/notesService", "./navbar.css"], "external_methods": ["isApiEnabled"], "published": ["Navbar"], "classes": [], "methods": [{"name": "Navbar({ onToggleListMobile })", "description": "React functional component that renders the navigation bar with mode indicator and a mobile toggle button.", "scope": "", "scopeKind": ""}], "calls": ["isApiEnabled", "Button"], "search-terms": ["Navbar", "React component", "navigation bar", "notes app", "mode indicator", "mobile toggle"], "state": 2, "file_id": 28, "knowledge_revision": 70, "git_revision": "96e290d736afe4bc34d398b551076a8b3a4c0a25", "ctags": [{"_type": "tag", "name": "Navbar", "path": "/home/kavia/workspace/code-generation/simple-notes-manager-304741-304760/notes_frontend/src/components/Navbar.js", "pattern": "/^export function Navbar({ onToggleListMobile }) {$/", "language": "JavaScript", "kind": "function", "signature": "({ onToggleListMobile })"}], "hash": "0b798f36d9c906277352d8828ca4e79a", "format-version": 4, "code-base-name": "notes_frontend", "filename": "notes_frontend/src/components/Navbar.js", "revision_history": [{"70": "96e290d736afe4bc34d398b551076a8b3a4c0a25"}]}