{"is_source_file": true, "format": "JavaScript", "description": "This file provides a storage service for managing notes using localStorage in a browser environment. It includes functions to list, create, update, and delete notes, with internal utility functions for parsing and normalizing note data.", "external_files": [], "external_methods": [], "published": ["listNotes", "createNote", "updateNote", "deleteNote"], "classes": [], "methods": [{"name": "listNotes()", "description": "Retrieves all notes from localStorage, normalizes them, sorts by pinned status and update time, and returns the list.", "scope": "", "scopeKind": ""}, {"name": "createNote(note)", "description": "Adds a new note to localStorage.", "scope": "", "scopeKind": ""}, {"name": "updateNote(id, patch)", "description": "Updates an existing note identified by id with a provided patch.", "scope": "", "scopeKind": ""}, {"name": "deleteNote(id)", "description": "Deletes a note by id from localStorage.", "scope": "", "scopeKind": ""}, {"name": "normalizeStoredNote(n)", "scope": "", "scopeKind": "", "description": "unavailable"}, {"name": "readAll()", "scope": "", "scopeKind": "", "description": "unavailable"}, {"name": "safeParse(json, fallback)", "scope": "", "scopeKind": "", "description": "unavailable"}, {"name": "writeAll(notes)", "scope": "", "scopeKind": "", "description": "unavailable"}], "calls": ["localStorage.getItem", "localStorage.setItem", "JSON.parse", "JSON.stringify", "Array.isArray"], "search-terms": ["storageNotesService", "localStorage", "notes", "note management", "normalizeStoredNote", "listNotes", "createNote", "updateNote", "deleteNote"], "state": 2, "file_id": 16, "knowledge_revision": 95, "git_revision": "7d4d16fc6d49f2bce652e1975a59a961a67e7ba7", "revision_history": [{"58": "96e290d736afe4bc34d398b551076a8b3a4c0a25"}, {"95": "7d4d16fc6d49f2bce652e1975a59a961a67e7ba7"}], "ctags": [{"_type": "tag", "name": "STORAGE_KEY", "path": "/home/kavia/workspace/code-generation/simple-notes-manager-304741-304760/notes_frontend/src/services/storageNotesService.js", "pattern": "/^const STORAGE_KEY = \"notes_frontend__notes_v1\";$/", "language": "JavaScript", "kind": "constant"}, {"_type": "tag", "name": "createNote", "path": "/home/kavia/workspace/code-generation/simple-notes-manager-304741-304760/notes_frontend/src/services/storageNotesService.js", "pattern": "/^export async function createNote(note) {$/", "language": "JavaScript", "kind": "function", "signature": "(note)"}, {"_type": "tag", "name": "deleteNote", "path": "/home/kavia/workspace/code-generation/simple-notes-manager-304741-304760/notes_frontend/src/services/storageNotesService.js", "pattern": "/^export async function deleteNote(id) {$/", "language": "JavaScript", "kind": "function", "signature": "(id)"}, {"_type": "tag", "name": "listNotes", "path": "/home/kavia/workspace/code-generation/simple-notes-manager-304741-304760/notes_frontend/src/services/storageNotesService.js", "pattern": "/^export async function listNotes() {$/", "language": "JavaScript", "kind": "function", "signature": "()"}, {"_type": "tag", "name": "normalizeStoredNote", "path": "/home/kavia/workspace/code-generation/simple-notes-manager-304741-304760/notes_frontend/src/services/storageNotesService.js", "pattern": "/^function normalizeStoredNote(n) {$/", "language": "JavaScript", "kind": "function", "signature": "(n)"}, {"_type": "tag", "name": "readAll", "path": "/home/kavia/workspace/code-generation/simple-notes-manager-304741-304760/notes_frontend/src/services/storageNotesService.js", "pattern": "/^function readAll() {$/", "language": "JavaScript", "kind": "function", "signature": "()"}, {"_type": "tag", "name": "safeParse", "path": "/home/kavia/workspace/code-generation/simple-notes-manager-304741-304760/notes_frontend/src/services/storageNotesService.js", "pattern": "/^function safeParse(json, fallback) {$/", "language": "JavaScript", "kind": "function", "signature": "(json, fallback)"}, {"_type": "tag", "name": "updateNote", "path": "/home/kavia/workspace/code-generation/simple-notes-manager-304741-304760/notes_frontend/src/services/storageNotesService.js", "pattern": "/^export async function updateNote(id, patch) {$/", "language": "JavaScript", "kind": "function", "signature": "(id, patch)"}, {"_type": "tag", "name": "writeAll", "path": "/home/kavia/workspace/code-generation/simple-notes-manager-304741-304760/notes_frontend/src/services/storageNotesService.js", "pattern": "/^function writeAll(notes) {$/", "language": "JavaScript", "kind": "function", "signature": "(notes)"}], "hash": "29e177024577e8803af7978fbe66b79e", "format-version": 4, "code-base-name": "notes_frontend", "filename": "notes_frontend/src/services/storageNotesService.js"}