{"is_source_file": true, "format": "HTML", "description": "The file is an HTML document serving as the entry point for a web application's frontend. It includes metadata, links to CSS and fonts, and a root div where the JavaScript app will mount.", "external_files": ["%PUBLIC_URL%/favicon.ico", "%PUBLIC_URL%/logo192.png", "%PUBLIC_URL%/manifest.json"], "external_methods": [], "published": [], "classes": [], "methods": [], "calls": [], "search-terms": ["index.html", "HTML template", "public folder", "web app entry point", "React root div"], "state": 2, "file_id": 8, "knowledge_revision": 23, "git_revision": "2c28562f2f1d8500fceb86c95e6dad6cfa4edc6b", "hash": "d2b40d02d5f7873d8a6713bad837edd4", "format-version": 4, "code-base-name": "notes_frontend", "filename": "notes_frontend/public/index.html", "revision_history": [{"23": "2c28562f2f1d8500fceb86c95e6dad6cfa4edc6b"}]}