{"is_source_file": true, "format": "JavaScript (React component)", "description": "This file defines a React component called NoteEditor, which provides an interface for editing notes, including auto-saving, explicit saving, and deleting notes. It uses custom hooks, context, and UI components to manage note state and user interactions.", "external_files": ["../context/NotesContext", "./ui/Button", "./ui/Input", "./ui/TextArea", "./ui/Card", "./notes.css"], "external_methods": ["useNotes", "Button", "Input", "TextArea", "Card", "CardBody"], "published": ["NoteEditor"], "classes": [], "methods": [{"name": "useDebouncedCallback(callback, delayMs)", "description": "A custom hook that creates a debounced version of a callback function with a specified delay, supporting canceling pending calls.", "scope": "", "scopeKind": ""}, {"name": "NoteEditor({ onNavigateToNote })", "description": "Main React component for editing a note, managing state, autosaving, saving, deleting, and handling note selection.", "scope": "", "scopeKind": ""}], "calls": ["useNotes()", "useRef()", "useCallback()", "useEffect()", "useMemo()", "useState()", "window.clearTimeout()", "window.setTimeout()", "actions.saveNote()", "actions.deleteNote()", "window.confirm()"], "search-terms": ["NoteEditor", "autosave", "debounced callback", "notes context", "note editing", "React component", "note deletion", "auto-save mechanism"], "state": 2, "file_id": 32, "knowledge_revision": 91, "git_revision": "9811838c62820dfd6d23d7132709b80030463b06", "revision_history": [{"74": "96e290d736afe4bc34d398b551076a8b3a4c0a25"}, {"80": "d61d480e95edc7d456cf8f1726142699e7781b60"}, {"91": "9811838c62820dfd6d23d7132709b80030463b06"}], "ctags": [{"_type": "tag", "name": "14", "path": "/home/kavia/workspace/code-generation/simple-notes-manager-304741-304760/notes_frontend/src/components/NoteEditor.js", "pattern": "/^            rows={14}$/", "language": "JavaScript", "kind": "field", "scope": "NoteEditor.rows", "scopeKind": "class"}, {"_type": "tag", "name": "NoteEditor", "path": "/home/kavia/workspace/code-generation/simple-notes-manager-304741-304760/notes_frontend/src/components/NoteEditor.js", "pattern": "/^export function NoteEditor({ onNavigateToNote }) {$/", "language": "JavaScript", "kind": "function", "signature": "({ onNavigateToNote })"}, {"_type": "tag", "name": "draftContent", "path": "/home/kavia/workspace/code-generation/simple-notes-manager-304741-304760/notes_frontend/src/components/NoteEditor.js", "pattern": "/^            value={draftContent}$/", "language": "JavaScript", "kind": "field", "scope": "NoteEditor.value", "scopeKind": "class"}, {"_type": "tag", "name": "draftTitle", "path": "/home/kavia/workspace/code-generation/simple-notes-manager-304741-304760/notes_frontend/src/components/NoteEditor.js", "pattern": "/^            value={draftTitle}$/", "language": "JavaScript", "kind": "field", "scope": "NoteEditor.value", "scopeKind": "class"}, {"_type": "tag", "name": "useDebouncedCallback", "path": "/home/kavia/workspace/code-generation/simple-notes-manager-304741-304760/notes_frontend/src/components/NoteEditor.js", "pattern": "/^function useDebouncedCallback(callback, delayMs) {$/", "language": "JavaScript", "kind": "function", "signature": "(callback, delayMs)"}], "hash": "8838fd4a30347c1e29e22cf22e620e53", "format-version": 4, "code-base-name": "notes_frontend", "filename": "notes_frontend/src/components/NoteEditor.js", "fields": [{"name": "rows={14}", "scope": "NoteEditor.rows", "scopeKind": "class", "description": "unavailable"}, {"name": "value={draftContent}", "scope": "NoteEditor.value", "scopeKind": "class", "description": "unavailable"}, {"name": "value={draftTitle}", "scope": "NoteEditor.value", "scopeKind": "class", "description": "unavailable"}]}