{"is_source_file": true, "format": "JavaScript", "description": "This file defines a React functional component 'NoteList' which manages and displays a list of notes with filtering, selection, bulk actions, and navigation. It primarily handles UI interactions for a note-taking application frontend.", "external_files": ["../context/NotesContext", "./ui/Button", "./ui/Input", "./ui/Card", "./NoteListItem", "./notes.css"], "external_methods": ["useNotes", "Button", "Input", "Card", "CardBody", "NoteListItem"], "published": ["NoteList"], "classes": [], "methods": [{"name": "clearSelection", "description": "Clears the set of selected note IDs and resets the last anchor reference for range selection."}, {"name": "onBulkDelete", "description": "Handles bulk deletion of selected notes after user confirmation."}, {"name": "onBulkPinUnpin", "description": "Handles bulk pinning or unpinning of selected notes based on their current pinned state."}, {"name": "onRowActivate", "description": "Handles activation of a note row, either selecting, opening, or range selecting notes based on keyboard modifiers."}, {"name": "onRowToggleSelectionKeyboard", "description": "Toggles selection of a note when Space or Enter key is pressed for accessibility."}, {"name": "NoteList({ onNavigateToNote })", "scope": "", "scopeKind": "", "description": "unavailable"}], "calls": ["useNotes()", "dispatch()", "actions.createNote()", "actions.bulkDeleteNotes()", "actions.bulkPinNotes()", "window.confirm()"], "search-terms": ["NoteList React component", "notes filtering and selection", "bulk actions notes", "note filtering by color", "note search input"], "state": 2, "file_id": 30, "knowledge_revision": 103, "git_revision": "edb1725f373ca41cb8787c43d40afa43bec6b424", "revision_history": [{"72": "96e290d736afe4bc34d398b551076a8b3a4c0a25"}, {"83": "d61d480e95edc7d456cf8f1726142699e7781b60"}, {"96": "7d4d16fc6d49f2bce652e1975a59a961a67e7ba7"}, {"103": "edb1725f373ca41cb8787c43d40afa43bec6b424"}], "ctags": [{"_type": "tag", "name": "NoteList", "path": "/home/kavia/workspace/code-generation/simple-notes-manager-304741-304760/notes_frontend/src/components/NoteList.js", "pattern": "/^export function NoteList({ onNavigateToNote }) {$/", "language": "JavaScript", "kind": "function", "signature": "({ onNavigateToNote })"}, {"_type": "tag", "name": "SUPPORTED_COLORS", "path": "/home/kavia/workspace/code-generation/simple-notes-manager-304741-304760/notes_frontend/src/components/NoteList.js", "pattern": "/^const SUPPORTED_COLORS = [\"blue\", \"amber\", \"emerald\", \"violet\", \"slate\"];$/", "language": "JavaScript", "kind": "constant"}, {"_type": "tag", "name": "color", "path": "/home/kavia/workspace/code-generation/simple-notes-manager-304741-304760/notes_frontend/src/components/NoteList.js", "pattern": "/^              value={color}$/", "language": "JavaScript", "kind": "field", "scope": "value", "scopeKind": "class"}, {"_type": "tag", "name": "note", "path": "/home/kavia/workspace/code-generation/simple-notes-manager-304741-304760/notes_frontend/src/components/NoteList.js", "pattern": "/^              const note = await actions.createNote();$/", "language": "JavaScript", "kind": "constant", "scope": "onClick", "scopeKind": "class"}, {"_type": "tag", "name": "pinnedOnly", "path": "/home/kavia/workspace/code-generation/simple-notes-manager-304741-304760/notes_frontend/src/components/NoteList.js", "pattern": "/^              checked={pinnedOnly}$/", "language": "JavaScript", "kind": "field", "scope": "checked", "scopeKind": "class"}, {"_type": "tag", "name": "state", "path": "/home/kavia/workspace/code-generation/simple-notes-manager-304741-304760/notes_frontend/src/components/NoteList.js", "pattern": "/^            value={state.filter?.query ?? \"\"}$/", "language": "JavaScript", "kind": "field", "scope": "value", "scopeKind": "class"}], "hash": "c102409a77c33ba62168d5c1243508ff", "format-version": 4, "code-base-name": "notes_frontend", "filename": "notes_frontend/src/components/NoteList.js", "fields": [{"name": "value={color}", "scope": "value", "scopeKind": "class", "description": "unavailable"}, {"name": "checked={pinnedOnly}", "scope": "checked", "scopeKind": "class", "description": "unavailable"}, {"name": "value={state.filter?.query ?? \"\"}", "scope": "value", "scopeKind": "class", "description": "unavailable"}]}