{"is_source_file": true, "format": "JavaScript", "description": "This file provides an abstraction layer for notes-related operations, choosing between API-based services and local storage based on environment variables. It exports functions to determine API availability and select the appropriate notes service implementation.", "external_files": ["./apiNotesService", "./storageNotesService"], "external_methods": [], "published": ["isApiEnabled", "getNotesService"], "classes": [], "methods": [{"name": "hasNonEmptyEnv(name)", "description": "Helper function to check if a given environment variable is set to a non-empty string.", "scope": "", "scopeKind": ""}, {"name": "isApiEnabled()", "description": "Determines whether the app should operate in API mode based on environment variables.", "scope": "", "scopeKind": ""}, {"name": "getNotesService()", "description": "Returns the notes service implementation (API or local storage) based on the presence of backend URL environment variables.", "scope": "", "scopeKind": ""}], "calls": ["hasNonEmptyEnv"], "search-terms": ["notesService", "apiNotesService", "storageNotesService", "isApiEnabled", "getNotesService", "environment variables"], "state": 2, "file_id": 18, "knowledge_revision": 78, "git_revision": "8a356dd7b9b74b5f96f08e151cfe833ea3cb70f0", "revision_history": [{"60": "96e290d736afe4bc34d398b551076a8b3a4c0a25"}, {"78": "8a356dd7b9b74b5f96f08e151cfe833ea3cb70f0"}], "ctags": [{"_type": "tag", "name": "getNotesService", "path": "/home/kavia/workspace/code-generation/simple-notes-manager-304741-304760/notes_frontend/src/services/notesService.js", "pattern": "/^export function getNotesService() {$/", "language": "JavaScript", "kind": "function", "signature": "()"}, {"_type": "tag", "name": "hasNonEmptyEnv", "path": "/home/kavia/workspace/code-generation/simple-notes-manager-304741-304760/notes_frontend/src/services/notesService.js", "pattern": "/^function hasNonEmptyEnv(name) {$/", "language": "JavaScript", "kind": "function", "signature": "(name)"}, {"_type": "tag", "name": "isApiEnabled", "path": "/home/kavia/workspace/code-generation/simple-notes-manager-304741-304760/notes_frontend/src/services/notesService.js", "pattern": "/^export function isApiEnabled() {$/", "language": "JavaScript", "kind": "function", "signature": "()"}], "hash": "2dfb00899115eac1ab672ca55d41e8df", "format-version": 4, "code-base-name": "notes_frontend", "filename": "notes_frontend/src/services/notesService.js"}