{"is_source_file": true, "format": "JavaScript", "description": "This file is a JavaScript module that provides an API service for managing notes in a frontend application. It includes functions for listing, creating, updating, and deleting notes by interacting with a backend API, and contains utility functions for handling API responses and error formatting.", "external_files": ["fetch API (built-in browser API)", "Environment variables via process.env (likely within a React or similar environment)"], "external_methods": ["fetch"], "published": ["listNotes", "createNote", "updateNote", "deleteNote"], "classes": [], "methods": [{"name": "listNotes()", "description": "Fetches a list of notes from the backend API, normalizes each note object, and returns the array.", "scope": "", "scopeKind": ""}, {"name": "createNote(note)", "description": "Sends a new note to the backend to be created, and returns the normalized created note.", "scope": "", "scopeKind": ""}, {"name": "updateNote(id, patch)", "description": "Updates an existing note identified by id on the backend with provided patch data and returns the normalized updated note.", "scope": "", "scopeKind": ""}, {"name": "deleteNote(id)", "description": "Deletes a note by id on the backend and confirms successful deletion.", "scope": "", "scopeKind": ""}, {"name": "getBaseUrl()", "scope": "", "scopeKind": "", "description": "unavailable"}, {"name": "isPlainObject(v)", "scope": "", "scopeKind": "", "description": "unavailable"}, {"name": "normalizeNote(raw, fallbackId)", "scope": "", "scopeKind": "", "description": "unavailable"}, {"name": "request(path, options = {})", "scope": "", "scopeKind": "", "description": "unavailable"}, {"name": "safeTrim(v)", "scope": "", "scopeKind": "", "description": "unavailable"}, {"name": "toFriendlyError(err, { action })", "scope": "", "scopeKind": "", "description": "unavailable"}], "calls": ["getBaseUrl", "isPlainObject", "safeTrim", "toFriendlyError", "request", "normalizeNote"], "search-terms": ["apiNotesService", "notesBackend", "normalizeNote", "listNotes", "createNote", "updateNote", "deleteNote", "fetch"], "state": 2, "file_id": 17, "knowledge_revision": 77, "git_revision": "8a356dd7b9b74b5f96f08e151cfe833ea3cb70f0", "revision_history": [{"59": "96e290d736afe4bc34d398b551076a8b3a4c0a25"}, {"77": "8a356dd7b9b74b5f96f08e151cfe833ea3cb70f0"}], "ctags": [{"_type": "tag", "name": "createNote", "path": "/home/kavia/workspace/code-generation/simple-notes-manager-304741-304760/notes_frontend/src/services/apiNotesService.js", "pattern": "/^export async function createNote(note) {$/", "language": "JavaScript", "kind": "function", "signature": "(note)"}, {"_type": "tag", "name": "deleteNote", "path": "/home/kavia/workspace/code-generation/simple-notes-manager-304741-304760/notes_frontend/src/services/apiNotesService.js", "pattern": "/^export async function deleteNote(id) {$/", "language": "JavaScript", "kind": "function", "signature": "(id)"}, {"_type": "tag", "name": "getBaseUrl", "path": "/home/kavia/workspace/code-generation/simple-notes-manager-304741-304760/notes_frontend/src/services/apiNotesService.js", "pattern": "/^function getBaseUrl() {$/", "language": "JavaScript", "kind": "function", "signature": "()"}, {"_type": "tag", "name": "isPlainObject", "path": "/home/kavia/workspace/code-generation/simple-notes-manager-304741-304760/notes_frontend/src/services/apiNotesService.js", "pattern": "/^function isPlainObject(v) {$/", "language": "JavaScript", "kind": "function", "signature": "(v)"}, {"_type": "tag", "name": "listNotes", "path": "/home/kavia/workspace/code-generation/simple-notes-manager-304741-304760/notes_frontend/src/services/apiNotesService.js", "pattern": "/^export async function listNotes() {$/", "language": "JavaScript", "kind": "function", "signature": "()"}, {"_type": "tag", "name": "normalizeNote", "path": "/home/kavia/workspace/code-generation/simple-notes-manager-304741-304760/notes_frontend/src/services/apiNotesService.js", "pattern": "/^function normalizeNote(raw, fallbackId) {$/", "language": "JavaScript", "kind": "function", "signature": "(raw, fallbackId)"}, {"_type": "tag", "name": "request", "path": "/home/kavia/workspace/code-generation/simple-notes-manager-304741-304760/notes_frontend/src/services/apiNotesService.js", "pattern": "/^async function request(path, options = {}) {$/", "language": "JavaScript", "kind": "function", "signature": "(path, options = {})"}, {"_type": "tag", "name": "safeTrim", "path": "/home/kavia/workspace/code-generation/simple-notes-manager-304741-304760/notes_frontend/src/services/apiNotesService.js", "pattern": "/^function safeTrim(v) {$/", "language": "JavaScript", "kind": "function", "signature": "(v)"}, {"_type": "tag", "name": "toFriendlyError", "path": "/home/kavia/workspace/code-generation/simple-notes-manager-304741-304760/notes_frontend/src/services/apiNotesService.js", "pattern": "/^function toFriendlyError(err, { action }) {$/", "language": "JavaScript", "kind": "function", "signature": "(err, { action })"}, {"_type": "tag", "name": "updateNote", "path": "/home/kavia/workspace/code-generation/simple-notes-manager-304741-304760/notes_frontend/src/services/apiNotesService.js", "pattern": "/^export async function updateNote(id, patch) {$/", "language": "JavaScript", "kind": "function", "signature": "(id, patch)"}], "hash": "bdcdad2e06c98a95c6a3c383eda8a185", "format-version": 4, "code-base-name": "notes_frontend", "filename": "notes_frontend/src/services/apiNotesService.js"}