{"is_source_file": true, "format": "JavaScript module (ESM)", "description": "ESLint configuration file written in JavaScript (ESM syntax), setting up linting rules and plugins for a project that uses React and JavaScript/JSX.", "external_files": ["@eslint/js", "eslint-plugin-react"], "external_methods": [], "published": [], "classes": [], "methods": [], "calls": ["pluginJs", "pluginReact"], "search-terms": ["eslint.config.mjs", "eslint", "rules", "react", "jsx", "ECMAScript", "eslint-plugin-react", "pluginJs", "pluginReact"], "state": 2, "file_id": 10, "knowledge_revision": 19, "git_revision": "2c28562f2f1d8500fceb86c95e6dad6cfa4edc6b", "hash": "be6538e7523bc2e9da0743133d784136", "format-version": 4, "code-base-name": "notes_frontend", "filename": "notes_frontend/eslint.config.mjs", "revision_history": [{"19": "2c28562f2f1d8500fceb86c95e6dad6cfa4edc6b"}]}