{"is_source_file": false, "format": "", "description": "", "external_files": [], "external_methods": [], "published": [], "classes": [], "methods": [], "calls": [], "search-terms": ["toast", "toastViewport", "toast", "toastTitle", "toastMessage", "toastClose", "toast-info", "toast-success", "toast-error", "css", "styling", "notification"], "state": 2, "file_id": 27, "knowledge_revision": 69, "git_revision": "96e290d736afe4bc34d398b551076a8b3a4c0a25", "hash": "261f036bf431cce4d5e9cc9bc374edc4", "format-version": 4, "code-base-name": "notes_frontend", "filename": "notes_frontend/src/components/toast/toasts.css", "revision_history": [{"69": "96e290d736afe4bc34d398b551076a8b3a4c0a25"}]}