{"is_source_file": false, "format": "", "description": "", "external_files": [], "external_methods": [], "published": [], "classes": [], "methods": [], "calls": [], "search-terms": [], "state": 2, "file_id": 33, "knowledge_revision": 84, "git_revision": "d61d480e95edc7d456cf8f1726142699e7781b60", "hash": "d5c905058ce0b7e480cf45aad9008e9d", "format-version": 4, "code-base-name": "notes_frontend", "filename": "notes_frontend/src/components/notes.css", "revision_history": [{"84": "d61d480e95edc7d456cf8f1726142699e7781b60"}]}