{"is_source_file": true, "format": "JavaScript", "description": "This file defines the initial state, utility functions, and a reducer function for managing notes in a React or Redux-like state management system. It handles actions such as loading, creating, updating, deleting, pinning, and filtering notes.", "external_files": [], "external_methods": [], "published": ["initialNotesState", "notesReducer"], "classes": [], "methods": ["getUpdatedAt", "getIsPinned", "sortNotesPinnedThenUpdatedDesc", "normalizeFilterValue"], "calls": ["sortNotesPinnedThenUpdatedDesc", "getIsPinned", "getUpdatedAt", "Array.isArray"], "search-terms": ["notesReducer", "Notes state management", "Redux notes reducer", "filter notes", "pinning notes", "sorting notes", "note update", "note creation", "load notes", "save notes"], "state": 2, "file_id": 19, "knowledge_revision": 92, "git_revision": "7d4d16fc6d49f2bce652e1975a59a961a67e7ba7", "revision_history": [{"61": "96e290d736afe4bc34d398b551076a8b3a4c0a25"}, {"92": "7d4d16fc6d49f2bce652e1975a59a961a67e7ba7"}], "ctags": [{"_type": "tag", "name": "color", "path": "/home/kavia/workspace/code-generation/simple-notes-manager-304741-304760/notes_frontend/src/context/notesReducer.js", "pattern": "/^    color: \"all\", \\/\\/ \"all\" | supported color names$/", "language": "JavaScript", "kind": "property", "scope": "initialNotesState.filter", "scopeKind": "class"}, {"_type": "tag", "name": "error", "path": "/home/kavia/workspace/code-generation/simple-notes-manager-304741-304760/notes_frontend/src/context/notesReducer.js", "pattern": "/^  error: null,$/", "language": "JavaScript", "kind": "property", "scope": "initialNotesState", "scopeKind": "class"}, {"_type": "tag", "name": "filter", "path": "/home/kavia/workspace/code-generation/simple-notes-manager-304741-304760/notes_frontend/src/context/notesReducer.js", "pattern": "/^  filter: {$/", "language": "JavaScript", "kind": "class", "scope": "initialNotesState", "scopeKind": "class"}, {"_type": "tag", "name": "getIsPinned", "path": "/home/kavia/workspace/code-generation/simple-notes-manager-304741-304760/notes_frontend/src/context/notesReducer.js", "pattern": "/^function getIsPinned(note) {$/", "language": "JavaScript", "kind": "function", "signature": "(note)"}, {"_type": "tag", "name": "getUpdatedAt", "path": "/home/kavia/workspace/code-generation/simple-notes-manager-304741-304760/notes_frontend/src/context/notesReducer.js", "pattern": "/^function getUpdatedAt(note) {$/", "language": "JavaScript", "kind": "function", "signature": "(note)"}, {"_type": "tag", "name": "initialNotesState", "path": "/home/kavia/workspace/code-generation/simple-notes-manager-304741-304760/notes_frontend/src/context/notesReducer.js", "pattern": "/^export const initialNotesState = {$/", "language": "JavaScript", "kind": "class"}, {"_type": "tag", "name": "isListOpenMobile", "path": "/home/kavia/workspace/code-generation/simple-notes-manager-304741-304760/notes_frontend/src/context/notesReducer.js", "pattern": "/^  isListOpenMobile: false,$/", "language": "JavaScript", "kind": "property", "scope": "initialNotesState", "scopeKind": "class"}, {"_type": "tag", "name": "normalizeFilterValue", "path": "/home/kavia/workspace/code-generation/simple-notes-manager-304741-304760/notes_frontend/src/context/notesReducer.js", "pattern": "/^function normalizeFilterValue(value) {$/", "language": "JavaScript", "kind": "function", "signature": "(value)"}, {"_type": "tag", "name": "notes", "path": "/home/kavia/workspace/code-generation/simple-notes-manager-304741-304760/notes_frontend/src/context/notesReducer.js", "pattern": "/^  notes: [],$/", "language": "JavaScript", "kind": "property", "scope": "initialNotesState", "scopeKind": "class"}, {"_type": "tag", "name": "notesReducer", "path": "/home/kavia/workspace/code-generation/simple-notes-manager-304741-304760/notes_frontend/src/context/notesReducer.js", "pattern": "/^export function notesReducer(state, action) {$/", "language": "JavaScript", "kind": "function", "signature": "(state, action)"}, {"_type": "tag", "name": "pinnedOnly", "path": "/home/kavia/workspace/code-generation/simple-notes-manager-304741-304760/notes_frontend/src/context/notesReducer.js", "pattern": "/^    pinnedOnly: false,$/", "language": "JavaScript", "kind": "property", "scope": "initialNotesState.filter", "scopeKind": "class"}, {"_type": "tag", "name": "query", "path": "/home/kavia/workspace/code-generation/simple-notes-manager-304741-304760/notes_frontend/src/context/notesReducer.js", "pattern": "/^    query: \"\",$/", "language": "JavaScript", "kind": "property", "scope": "initialNotesState.filter", "scopeKind": "class"}, {"_type": "tag", "name": "selectedId", "path": "/home/kavia/workspace/code-generation/simple-notes-manager-304741-304760/notes_frontend/src/context/notesReducer.js", "pattern": "/^  selectedId: null,$/", "language": "JavaScript", "kind": "property", "scope": "initialNotesState", "scopeKind": "class"}, {"_type": "tag", "name": "sortNotesPinnedThenUpdatedDesc", "path": "/home/kavia/workspace/code-generation/simple-notes-manager-304741-304760/notes_frontend/src/context/notesReducer.js", "pattern": "/^function sortNotesPinnedThenUpdatedDesc(notes) {$/", "language": "JavaScript", "kind": "function", "signature": "(notes)"}, {"_type": "tag", "name": "status", "path": "/home/kavia/workspace/code-generation/simple-notes-manager-304741-304760/notes_frontend/src/context/notesReducer.js", "pattern": "/^  status: \"idle\",$/", "language": "JavaScript", "kind": "property", "scope": "initialNotesState", "scopeKind": "class"}], "hash": "120c7807285944a8ef7da99d5a2981a6", "format-version": 4, "code-base-name": "notes_frontend", "filename": "notes_frontend/src/context/notesReducer.js", "fields": [{"name": "color: \"all\", \\/\\/ \"all\" | supported color names", "scope": "initialNotesState.filter", "scopeKind": "class", "description": "unavailable"}, {"name": "error: null,", "scope": "initialNotesState", "scopeKind": "class", "description": "unavailable"}]}