{"is_source_file": true, "format": "JavaScript", "description": "This file contains a JavaScript module that provides API service functions for managing notes, including listing, creating, updating, and deleting notes via HTTP requests to a backend server.", "external_files": ["fetch", "process.env"], "external_methods": ["fetch"], "published": ["listNotes", "createNote", "updateNote", "deleteNote"], "classes": [], "methods": [{"name": "getBaseUrl()", "description": "Determines the base URL for API requests, using environment variables.", "scope": "", "scopeKind": ""}, {"name": "isPlainObject(v)", "description": "Checks if a value is a plain JavaScript object.", "scope": "", "scopeKind": ""}, {"name": "safeTrim(v)", "description": "Trims a string safely, returning empty string if input is not a string.", "scope": "", "scopeKind": ""}, {"name": "toFriendlyError(err, { action })", "description": "Converts errors into more user-friendly Error objects with descriptive messages based on error type and response status.", "scope": "", "scopeKind": ""}, {"name": "request(path, options = {})", "description": "Performs an HTTP request to the API, handling errors and parsing JSON responses.", "scope": "", "scopeKind": ""}, {"name": "normalizeNote(raw, fallbackId)", "description": "Normalizes raw note data received from backend into a consistent Note object format.", "scope": "", "scopeKind": ""}, {"name": "listNotes()", "description": "Fetches the list of notes from the backend API.", "scope": "", "scopeKind": ""}, {"name": "createNote(note)", "description": "Creates a new note on the backend API.", "scope": "", "scopeKind": ""}, {"name": "updateNote(id, patch)", "description": "Updates an existing note identified by id on the backend API.", "scope": "", "scopeKind": ""}, {"name": "deleteNote(id)", "description": "Deletes a note by id using the backend API.", "scope": "", "scopeKind": ""}], "calls": ["getBaseUrl()", "isPlainObject()", "safeTrim()", "fetch()", "JSON.parse()", "JSON.stringify()", "normalizeNote()", "request()"], "search-terms": ["apiNotesService", "/notes", "normalizeNote", "listNotes", "createNote", "updateNote", "deleteNote"], "state": 2, "file_id": 17, "knowledge_revision": 94, "git_revision": "7d4d16fc6d49f2bce652e1975a59a961a67e7ba7", "revision_history": [{"59": "96e290d736afe4bc34d398b551076a8b3a4c0a25"}, {"77": "8a356dd7b9b74b5f96f08e151cfe833ea3cb70f0"}, {"94": "7d4d16fc6d49f2bce652e1975a59a961a67e7ba7"}], "ctags": [{"_type": "tag", "name": "createNote", "path": "/home/kavia/workspace/code-generation/simple-notes-manager-304741-304760/notes_frontend/src/services/apiNotesService.js", "pattern": "/^export async function createNote(note) {$/", "language": "JavaScript", "kind": "function", "signature": "(note)"}, {"_type": "tag", "name": "deleteNote", "path": "/home/kavia/workspace/code-generation/simple-notes-manager-304741-304760/notes_frontend/src/services/apiNotesService.js", "pattern": "/^export async function deleteNote(id) {$/", "language": "JavaScript", "kind": "function", "signature": "(id)"}, {"_type": "tag", "name": "getBaseUrl", "path": "/home/kavia/workspace/code-generation/simple-notes-manager-304741-304760/notes_frontend/src/services/apiNotesService.js", "pattern": "/^function getBaseUrl() {$/", "language": "JavaScript", "kind": "function", "signature": "()"}, {"_type": "tag", "name": "isPlainObject", "path": "/home/kavia/workspace/code-generation/simple-notes-manager-304741-304760/notes_frontend/src/services/apiNotesService.js", "pattern": "/^function isPlainObject(v) {$/", "language": "JavaScript", "kind": "function", "signature": "(v)"}, {"_type": "tag", "name": "listNotes", "path": "/home/kavia/workspace/code-generation/simple-notes-manager-304741-304760/notes_frontend/src/services/apiNotesService.js", "pattern": "/^export async function listNotes() {$/", "language": "JavaScript", "kind": "function", "signature": "()"}, {"_type": "tag", "name": "normalizeNote", "path": "/home/kavia/workspace/code-generation/simple-notes-manager-304741-304760/notes_frontend/src/services/apiNotesService.js", "pattern": "/^function normalizeNote(raw, fallbackId) {$/", "language": "JavaScript", "kind": "function", "signature": "(raw, fallbackId)"}, {"_type": "tag", "name": "request", "path": "/home/kavia/workspace/code-generation/simple-notes-manager-304741-304760/notes_frontend/src/services/apiNotesService.js", "pattern": "/^async function request(path, options = {}) {$/", "language": "JavaScript", "kind": "function", "signature": "(path, options = {})"}, {"_type": "tag", "name": "safeTrim", "path": "/home/kavia/workspace/code-generation/simple-notes-manager-304741-304760/notes_frontend/src/services/apiNotesService.js", "pattern": "/^function safeTrim(v) {$/", "language": "JavaScript", "kind": "function", "signature": "(v)"}, {"_type": "tag", "name": "toFriendlyError", "path": "/home/kavia/workspace/code-generation/simple-notes-manager-304741-304760/notes_frontend/src/services/apiNotesService.js", "pattern": "/^function toFriendlyError(err, { action }) {$/", "language": "JavaScript", "kind": "function", "signature": "(err, { action })"}, {"_type": "tag", "name": "updateNote", "path": "/home/kavia/workspace/code-generation/simple-notes-manager-304741-304760/notes_frontend/src/services/apiNotesService.js", "pattern": "/^export async function updateNote(id, patch) {$/", "language": "JavaScript", "kind": "function", "signature": "(id, patch)"}], "hash": "9cd66036c94d5a4f24144a22f8bc6a6f", "format-version": 4, "code-base-name": "notes_frontend", "filename": "notes_frontend/src/services/apiNotesService.js"}