{"is_source_file": true, "format": "JavaScript (React JSX)", "description": "This file defines a React functional component 'NoteList' that displays a list of notes with search/filter functionality, creation, and selection capabilities. It interacts with context for state management and composes UI elements such as buttons, input, and notes list items.", "external_files": ["../context/NotesContext", "./ui/Button", "./ui/Input", "./ui/Card", "./NoteListItem", "./notes.css"], "external_methods": ["useNotes()", "dispatch()", "actions.createNote()", "onNavigateToNote()"], "published": ["NoteList"], "classes": [], "methods": [{"name": "NoteList({ onNavigateToNote })", "description": "React functional component rendering a list of notes with search/filter, create, and select functionality.", "scope": "", "scopeKind": ""}], "calls": ["useNotes()", "dispatch({ type: \"SET_FILTER\", value: e.target.value })", "actions.createNote()", "onNavigateToNote(note.id)", "dispatch({ type: \"SELECT_NOTE\", id: n.id })", "filtered.map"], "search-terms": ["NoteList React component", "NotesContext usage", "search/filter notes", "create new note button", "note selection", "notes list rendering"], "state": 2, "file_id": 30, "knowledge_revision": 83, "git_revision": "d61d480e95edc7d456cf8f1726142699e7781b60", "revision_history": [{"72": "96e290d736afe4bc34d398b551076a8b3a4c0a25"}, {"83": "d61d480e95edc7d456cf8f1726142699e7781b60"}], "ctags": [{"_type": "tag", "name": "NoteList", "path": "/home/kavia/workspace/code-generation/simple-notes-manager-304741-304760/notes_frontend/src/components/NoteList.js", "pattern": "/^export function NoteList({ onNavigateToNote }) {$/", "language": "JavaScript", "kind": "function", "signature": "({ onNavigateToNote })"}, {"_type": "tag", "name": "state", "path": "/home/kavia/workspace/code-generation/simple-notes-manager-304741-304760/notes_frontend/src/components/NoteList.js", "pattern": "/^            value={state.filter}$/", "language": "JavaScript", "kind": "field", "scope": "NoteList.value", "scopeKind": "class"}], "hash": "92a6d383905f6d272f97b2aea64cd52b", "format-version": 4, "code-base-name": "notes_frontend", "filename": "notes_frontend/src/components/NoteList.js", "fields": [{"name": "value={state.filter}", "scope": "NoteList.value", "scopeKind": "class", "description": "unavailable"}]}