{"is_source_file": false, "format": "", "description": "", "external_files": [], "external_methods": [], "published": [], "classes": [], "methods": [], "calls": [], "search-terms": ["navbar", "CSS", "styling", "header", "navigation"], "state": 2, "file_id": 29, "knowledge_revision": 71, "git_revision": "96e290d736afe4bc34d398b551076a8b3a4c0a25", "hash": "197ad2999b819ad008398022733aab1a", "format-version": 4, "code-base-name": "notes_frontend", "filename": "notes_frontend/src/components/navbar.css", "revision_history": [{"71": "96e290d736afe4bc34d398b551076a8b3a4c0a25"}]}