{"is_source_file": true, "format": "JavaScript (React JSX)", "description": "This file is the entry point for a React application that initializes and renders the main App component into a DOM element with id 'root'.", "external_files": ["./index.css", "./App"], "external_methods": [], "published": [], "classes": [], "methods": [{"name": "ReactDOM.createRoot", "description": "Creates a root to render React components within a specified DOM element."}, {"name": "root.render", "description": "Renders the React component tree into the created root."}], "calls": ["ReactDOM.createRoot", "root.render", "React.StrictMode", "App"], "search-terms": ["index.js", "ReactDOM", "React.StrictMode", "App", "render"], "state": 2, "file_id": 4, "knowledge_revision": 53, "git_revision": "96e290d736afe4bc34d398b551076a8b3a4c0a25", "revision_history": [{"25": "2c28562f2f1d8500fceb86c95e6dad6cfa4edc6b"}, {"53": "96e290d736afe4bc34d398b551076a8b3a4c0a25"}], "ctags": [{"_type": "tag", "name": "root", "path": "/home/kavia/workspace/code-generation/simple-notes-manager-304741-304760/notes_frontend/src/index.js", "pattern": "/^const root = ReactDOM.createRoot(document.getElementById(\"root\"));$/", "language": "JavaScript", "kind": "constant"}], "hash": "c5fdafd1d21c91382ec28c1710d2c642", "format-version": 4, "code-base-name": "notes_frontend", "filename": "notes_frontend/src/index.js"}