{"is_source_file": true, "format": "JavaScript", "description": "This file defines a React context provider (NotesProvider) for managing notes within a React application. It handles loading, creating, updating, and deleting notes, interfacing with a notes service, and provides related actions and state to consuming components.", "external_files": ["../services/notesService", "../utils/id", "./notesReducer", "../components/toast/ToastProvider"], "external_methods": ["getNotesService", "createId", "initialNotesState", "notesReducer", "useToasts"], "published": ["NotesContext", "NotesProvider", "useNotes"], "classes": [], "methods": [{"name": "makeNewNote()", "description": "Creates a new note object with a unique ID, default title, content, and timestamps.", "scope": "", "scopeKind": ""}, {"name": "NotesProvider({ children })", "description": "React component that manages the notes state, handles CRUD operations, and provides context value to children.", "scope": "", "scopeKind": ""}, {"name": "useNotes()", "description": "Custom hook to access the notes context, providing state and actions for notes management.", "scope": "", "scopeKind": ""}], "calls": ["React.createContext", "useReducer", "useMemo", "getNotesService", "useToasts", "useCallback", "dispatch", "pushToast", "loadNotes", "service.listNotes", "service.createNote", "service.updateNote", "service.deleteNote", "useEffect"], "search-terms": ["NotesContext", "NotesProvider", "notesReducer", "useNotes", "createId", "loadNotes", "saveNote", "deleteNote", "makeNewNote"], "state": 2, "file_id": 20, "knowledge_revision": 79, "git_revision": "8a356dd7b9b74b5f96f08e151cfe833ea3cb70f0", "revision_history": [{"62": "96e290d736afe4bc34d398b551076a8b3a4c0a25"}, {"79": "8a356dd7b9b74b5f96f08e151cfe833ea3cb70f0"}], "ctags": [{"_type": "tag", "name": "NotesContext", "path": "/home/kavia/workspace/code-generation/simple-notes-manager-304741-304760/notes_frontend/src/context/NotesContext.js", "pattern": "/^const NotesContext = createContext(null);$/", "language": "JavaScript", "kind": "constant"}, {"_type": "tag", "name": "NotesProvider", "path": "/home/kavia/workspace/code-generation/simple-notes-manager-304741-304760/notes_frontend/src/context/NotesContext.js", "pattern": "/^export function NotesProvider({ children }) {$/", "language": "JavaScript", "kind": "function", "signature": "({ children })"}, {"_type": "tag", "name": "makeNewNote", "path": "/home/kavia/workspace/code-generation/simple-notes-manager-304741-304760/notes_frontend/src/context/NotesContext.js", "pattern": "/^function makeNewNote() {$/", "language": "JavaScript", "kind": "function", "signature": "()"}, {"_type": "tag", "name": "useNotes", "path": "/home/kavia/workspace/code-generation/simple-notes-manager-304741-304760/notes_frontend/src/context/NotesContext.js", "pattern": "/^export function useNotes() {$/", "language": "JavaScript", "kind": "function", "signature": "()"}, {"_type": "tag", "name": "value", "path": "/home/kavia/workspace/code-generation/simple-notes-manager-304741-304760/notes_frontend/src/context/NotesContext.js", "pattern": "/^  return <NotesContext.Provider value={value}>{children}<\\/NotesContext.Provider>;$/", "language": "JavaScript", "kind": "field", "scope": "Provider", "scopeKind": "class"}], "hash": "fcf7f6b47836240e6a36edad0341c865", "format-version": 4, "code-base-name": "notes_frontend", "filename": "notes_frontend/src/context/NotesContext.js", "fields": [{"name": "return <NotesContext.Provider value={value}>{children}<\\/NotesContext.Provider>;", "scope": "Provider", "scopeKind": "class", "description": "unavailable"}]}