{"is_source_file": false, "format": "", "description": "", "external_files": [], "external_methods": [], "published": [], "classes": [], "methods": [], "calls": [], "search-terms": [], "state": 2, "file_id": 11, "knowledge_revision": 26, "git_revision": "2c28562f2f1d8500fceb86c95e6dad6cfa4edc6b", "hash": "e40c43ae82fe47c347be59ec4ab30f4d", "format-version": 4, "code-base-name": "notes_frontend", "filename": "notes_frontend/package.json", "revision_history": [{"26": "2c28562f2f1d8500fceb86c95e6dad6cfa4edc6b"}]}