{"is_source_file": false, "format": "", "description": "", "external_files": [], "external_methods": [], "published": [], "classes": [], "methods": [], "calls": [], "search-terms": ["CSS styling for note components", "notes_frontend src components notes.css", "CSS classes for note UI elements", "hover effects for note rows", "responsive mobile overlay"], "state": 2, "file_id": 33, "knowledge_revision": 75, "git_revision": "96e290d736afe4bc34d398b551076a8b3a4c0a25", "hash": "858523a9a3a099daef60b7362f044595", "format-version": 4, "code-base-name": "notes_frontend", "filename": "notes_frontend/src/components/notes.css", "revision_history": [{"75": "96e290d736afe4bc34d398b551076a8b3a4c0a25"}]}