{"is_source_file": true, "format": "JavaScript (React JSX)", "description": "This file defines the NoteEditor React component, which provides a user interface for editing, saving, and deleting notes within a notes management application. It includes logic for auto-saving with debounce, note pinning, color tagging, and handling state updates based on the selected note.", "external_files": ["./ui/Button", "./ui/Input", "./ui/TextArea", "./ui/Card", "./notes.css"], "external_methods": ["useNotes", "actions.saveNote", "actions.deleteNote", "actions.togglePinNote"], "published": ["NoteEditor"], "classes": [], "methods": [{"name": "useDebouncedCallback(callback, delayMs)", "description": "Creates a debounced version of a callback function that delays execution until after a specified delay, with an exposed cancel method to prevent pending executions when needed.", "scope": "", "scopeKind": ""}, {"name": "onSaveNow", "description": "Immediately saves the current note by canceling pending autosaves and incrementing the autosave epoch to prevent race conditions."}, {"name": "onDelete", "description": "Handles deletion of the current note, with user confirmation and routing to the next note or home view."}, {"name": "NoteEditor({ onNavigateToNote })", "scope": "", "scopeKind": "", "description": "unavailable"}], "calls": ["useNotes()", "actions.saveNote()", "actions.deleteNote()", "actions.togglePinNote()", "window.setTimeout()", "window.clearTimeout()"], "search-terms": ["NoteEditor", "React", "Autosave", "DebouncedCallback", "Note pinning", "Note color", "Note deletion", "Content editing", "useNotes"], "state": 2, "file_id": 32, "knowledge_revision": 98, "git_revision": "7d4d16fc6d49f2bce652e1975a59a961a67e7ba7", "revision_history": [{"74": "96e290d736afe4bc34d398b551076a8b3a4c0a25"}, {"80": "d61d480e95edc7d456cf8f1726142699e7781b60"}, {"91": "9811838c62820dfd6d23d7132709b80030463b06"}, {"98": "7d4d16fc6d49f2bce652e1975a59a961a67e7ba7"}], "ctags": [{"_type": "tag", "name": "14", "path": "/home/kavia/workspace/code-generation/simple-notes-manager-304741-304760/notes_frontend/src/components/NoteEditor.js", "pattern": "/^            rows={14}$/", "language": "JavaScript", "kind": "field", "scope": "NoteEditor.rows", "scopeKind": "class"}, {"_type": "tag", "name": "NoteEditor", "path": "/home/kavia/workspace/code-generation/simple-notes-manager-304741-304760/notes_frontend/src/components/NoteEditor.js", "pattern": "/^export function NoteEditor({ onNavigateToNote }) {$/", "language": "JavaScript", "kind": "function", "signature": "({ onNavigateToNote })"}, {"_type": "tag", "name": "draftContent", "path": "/home/kavia/workspace/code-generation/simple-notes-manager-304741-304760/notes_frontend/src/components/NoteEditor.js", "pattern": "/^            value={draftContent}$/", "language": "JavaScript", "kind": "field", "scope": "NoteEditor.value", "scopeKind": "class"}, {"_type": "tag", "name": "draftTitle", "path": "/home/kavia/workspace/code-generation/simple-notes-manager-304741-304760/notes_frontend/src/components/NoteEditor.js", "pattern": "/^            value={draftTitle}$/", "language": "JavaScript", "kind": "field", "scope": "NoteEditor.value", "scopeKind": "class"}, {"_type": "tag", "name": "isPinned ? \"pinButtonActive\" : \"\"}", "path": "/home/kavia/workspace/code-generation/simple-notes-manager-304741-304760/notes_frontend/src/components/NoteEditor.js", "pattern": "/^              className={`pinButton pinButtonLarge ${selected.isPinned ? \"pinButtonActive\" : \"\"}/", "language": "JavaScript", "kind": "field", "scope": "NoteEditor.className.pinButton pinButtonLarge ${selected", "scopeKind": "class"}, {"_type": "tag", "name": "selected", "path": "/home/kavia/workspace/code-generation/simple-notes-manager-304741-304760/notes_frontend/src/components/NoteEditor.js", "pattern": "/^              aria-label={selected.isPinned ? \"Unpin note\" : \"Pin note\"}$/", "language": "JavaScript", "kind": "field", "scope": "NoteEditor.aria", "scopeKind": "class"}, {"_type": "tag", "name": "selected", "path": "/home/kavia/workspace/code-generation/simple-notes-manager-304741-304760/notes_frontend/src/components/NoteEditor.js", "pattern": "/^              title={selected.isPinned ? \"Pinned\" : \"Pin\"}$/", "language": "JavaScript", "kind": "field", "scope": "NoteEditor.title", "scopeKind": "class"}, {"_type": "tag", "name": "useDebouncedCallback", "path": "/home/kavia/workspace/code-generation/simple-notes-manager-304741-304760/notes_frontend/src/components/NoteEditor.js", "pattern": "/^function useDebouncedCallback(callback, delayMs) {$/", "language": "JavaScript", "kind": "function", "signature": "(callback, delayMs)"}], "hash": "f3571c746f85ab1ec3ebf6673e94f36e", "format-version": 4, "code-base-name": "notes_frontend", "filename": "notes_frontend/src/components/NoteEditor.js", "fields": [{"name": "rows={14}", "scope": "NoteEditor.rows", "scopeKind": "class", "description": "unavailable"}, {"name": "value={draftContent}", "scope": "NoteEditor.value", "scopeKind": "class", "description": "unavailable"}, {"name": "value={draftTitle}", "scope": "NoteEditor.value", "scopeKind": "class", "description": "unavailable"}, {"name": "className={`pinButton pinButtonLarge ${selected.isPinned ? \"pinButtonActive\" : \"\"}/", "scope": "NoteEditor.className.pinButton pinButtonLarge ${selected", "scopeKind": "class", "description": "unavailable"}, {"name": "aria-label={selected.isPinned ? \"Unpin note\" : \"Pin note\"}", "scope": "NoteEditor.aria", "scopeKind": "class", "description": "unavailable"}, {"name": "title={selected.isPinned ? \"Pinned\" : \"Pin\"}", "scope": "NoteEditor.title", "scopeKind": "class", "description": "unavailable"}]}