{"is_source_file": true, "format": "JavaScript", "description": "This file defines the NotesContext component and related functions for managing notes state in a React application, including filtering, CRUD operations, and URL synchronization.", "external_files": ["../services/notesService", "../utils/id", "./notesReducer", "../components/toast/ToastProvider"], "external_methods": ["getNotesService", "createId", "initialNotesState", "notesReducer", "useToasts"], "published": ["NotesProvider", "useNotes"], "classes": [], "methods": [{"name": "makeNewNote()", "description": "Creates a new note object with default values and timestamp.", "scope": "", "scopeKind": ""}, {"name": "parseBooleanParam(v)", "description": "Parses a parameter value to boolean, recognizing common truthy strings.", "scope": "", "scopeKind": ""}, {"name": "parseFilterFromUrl()", "description": "Extracts filtering parameters from the current URL to initialize state.", "scope": "", "scopeKind": ""}, {"name": "writeFilterToUrl(filter)", "description": "Serializes filter state into URL query parameters for shareable links.", "scope": "", "scopeKind": ""}, {"name": "NotesProvider({ children })", "description": "React context provider component managing notes state, including CRUD, filtering, and URL sync.", "scope": "", "scopeKind": ""}, {"name": "useNotes()", "scope": "", "scopeKind": "", "description": "unavailable"}], "calls": ["getNotesService", "noteReducer", "parseFilterFromUrl", "writeFilterToUrl", "dispatch", "useReducer", "useMemo", "useRef", "useEffect", "useCallback", "pushToast", "service.listNotes", "service.createNote", "service.updateNote", "service.deleteNote"], "search-terms": ["NotesContext", "NotesProvider", "createId", "filterFromUrl", "URL synchronization", "note CRUD operations", "pinned notes", "note filtering"], "state": 2, "file_id": 20, "knowledge_revision": 102, "git_revision": "edb1725f373ca41cb8787c43d40afa43bec6b424", "revision_history": [{"62": "96e290d736afe4bc34d398b551076a8b3a4c0a25"}, {"79": "8a356dd7b9b74b5f96f08e151cfe833ea3cb70f0"}, {"81": "d61d480e95edc7d456cf8f1726142699e7781b60"}, {"93": "7d4d16fc6d49f2bce652e1975a59a961a67e7ba7"}, {"102": "edb1725f373ca41cb8787c43d40afa43bec6b424"}], "ctags": [{"_type": "tag", "name": "NotesContext", "path": "/home/kavia/workspace/code-generation/simple-notes-manager-304741-304760/notes_frontend/src/context/NotesContext.js", "pattern": "/^const NotesContext = createContext(null);$/", "language": "JavaScript", "kind": "constant"}, {"_type": "tag", "name": "NotesProvider", "path": "/home/kavia/workspace/code-generation/simple-notes-manager-304741-304760/notes_frontend/src/context/NotesContext.js", "pattern": "/^export function NotesProvider({ children }) {$/", "language": "JavaScript", "kind": "function", "signature": "({ children })"}, {"_type": "tag", "name": "makeNewNote", "path": "/home/kavia/workspace/code-generation/simple-notes-manager-304741-304760/notes_frontend/src/context/NotesContext.js", "pattern": "/^function makeNewNote() {$/", "language": "JavaScript", "kind": "function", "signature": "()"}, {"_type": "tag", "name": "parseBooleanParam", "path": "/home/kavia/workspace/code-generation/simple-notes-manager-304741-304760/notes_frontend/src/context/NotesContext.js", "pattern": "/^function parseBooleanParam(v) {$/", "language": "JavaScript", "kind": "function", "signature": "(v)"}, {"_type": "tag", "name": "parseFilterFromUrl", "path": "/home/kavia/workspace/code-generation/simple-notes-manager-304741-304760/notes_frontend/src/context/NotesContext.js", "pattern": "/^function parseFilterFromUrl() {$/", "language": "JavaScript", "kind": "function", "signature": "()"}, {"_type": "tag", "name": "useNotes", "path": "/home/kavia/workspace/code-generation/simple-notes-manager-304741-304760/notes_frontend/src/context/NotesContext.js", "pattern": "/^export function useNotes() {$/", "language": "JavaScript", "kind": "function", "signature": "()"}, {"_type": "tag", "name": "value", "path": "/home/kavia/workspace/code-generation/simple-notes-manager-304741-304760/notes_frontend/src/context/NotesContext.js", "pattern": "/^  return <NotesContext.Provider value={value}>{children}<\\/NotesContext.Provider>;$/", "language": "JavaScript", "kind": "field", "scope": "Provider", "scopeKind": "class"}, {"_type": "tag", "name": "writeFilterToUrl", "path": "/home/kavia/workspace/code-generation/simple-notes-manager-304741-304760/notes_frontend/src/context/NotesContext.js", "pattern": "/^function writeFilterToUrl(filter) {$/", "language": "JavaScript", "kind": "function", "signature": "(filter)"}], "hash": "cba6a9330e1e20bf1c02b4f4089aaeb8", "format-version": 4, "code-base-name": "notes_frontend", "filename": "notes_frontend/src/context/NotesContext.js", "fields": [{"name": "return <NotesContext.Provider value={value}>{children}<\\/NotesContext.Provider>;", "scope": "Provider", "scopeKind": "class", "description": "unavailable"}]}