{"is_source_file": false, "format": "", "description": "", "external_files": [], "external_methods": [], "published": [], "classes": [], "methods": [], "calls": [], "search-terms": [], "state": 2, "file_id": 7, "knowledge_revision": 55, "git_revision": "96e290d736afe4bc34d398b551076a8b3a4c0a25", "hash": "2aeb36c6c53a207cab1b797503627a63", "format-version": 4, "code-base-name": "notes_frontend", "filename": "notes_frontend/README.md", "revision_history": [{"55": "96e290d736afe4bc34d398b551076a8b3a4c0a25"}]}