{"is_source_file": true, "format": "JavaScript", "description": "This file defines a React context provider for managing notes in a frontend application. It includes logic for loading, creating, saving, and deleting notes, with hooks to handle side effects and asynchronous API calls.", "external_files": ["../services/notesService", "../utils/id", "./notesReducer", "../components/toast/ToastProvider"], "external_methods": ["getNotesService", "createId", "initialNotesState", "notesReducer", "useToasts"], "published": ["NotesProvider", "useNotes"], "classes": [], "methods": [{"name": "makeNewNote()", "description": "Creates a new note object with default title, content, and timestamps.", "scope": "", "scopeKind": ""}, {"name": "NotesProvider({ children })", "scope": "", "scopeKind": "", "description": "unavailable"}, {"name": "useNotes()", "scope": "", "scopeKind": "", "description": "unavailable"}], "calls": ["React.createContext", "useReducer", "useMemo", "useCallback", "useEffect", "getNotesService", "createId", "pushToast", "dispatch", "service.listNotes", "service.createNote", "service.updateNote", "service.deleteNote", "new Date", "dispatch({ type: ... })"], "search-terms": ["NotesContext", "NotesProvider", "useNotes", "loadNotes", "createNote", "saveNote", "deleteNote"], "state": 2, "file_id": 20, "knowledge_revision": 81, "git_revision": "d61d480e95edc7d456cf8f1726142699e7781b60", "revision_history": [{"62": "96e290d736afe4bc34d398b551076a8b3a4c0a25"}, {"79": "8a356dd7b9b74b5f96f08e151cfe833ea3cb70f0"}, {"81": "d61d480e95edc7d456cf8f1726142699e7781b60"}], "ctags": [{"_type": "tag", "name": "NotesContext", "path": "/home/kavia/workspace/code-generation/simple-notes-manager-304741-304760/notes_frontend/src/context/NotesContext.js", "pattern": "/^const NotesContext = createContext(null);$/", "language": "JavaScript", "kind": "constant"}, {"_type": "tag", "name": "NotesProvider", "path": "/home/kavia/workspace/code-generation/simple-notes-manager-304741-304760/notes_frontend/src/context/NotesContext.js", "pattern": "/^export function NotesProvider({ children }) {$/", "language": "JavaScript", "kind": "function", "signature": "({ children })"}, {"_type": "tag", "name": "makeNewNote", "path": "/home/kavia/workspace/code-generation/simple-notes-manager-304741-304760/notes_frontend/src/context/NotesContext.js", "pattern": "/^function makeNewNote() {$/", "language": "JavaScript", "kind": "function", "signature": "()"}, {"_type": "tag", "name": "useNotes", "path": "/home/kavia/workspace/code-generation/simple-notes-manager-304741-304760/notes_frontend/src/context/NotesContext.js", "pattern": "/^export function useNotes() {$/", "language": "JavaScript", "kind": "function", "signature": "()"}, {"_type": "tag", "name": "value", "path": "/home/kavia/workspace/code-generation/simple-notes-manager-304741-304760/notes_frontend/src/context/NotesContext.js", "pattern": "/^  return <NotesContext.Provider value={value}>{children}<\\/NotesContext.Provider>;$/", "language": "JavaScript", "kind": "field", "scope": "Provider", "scopeKind": "class"}], "hash": "168b7a5682891c7c476e61c130daef4a", "format-version": 4, "code-base-name": "notes_frontend", "filename": "notes_frontend/src/context/NotesContext.js", "fields": [{"name": "return <NotesContext.Provider value={value}>{children}<\\/NotesContext.Provider>;", "scope": "Provider", "scopeKind": "class", "description": "unavailable"}]}