{"is_source_file": true, "format": "JavaScript (React component)", "description": "A React functional component defining a custom TextArea UI element, used as a primitive input element within a UI framework.", "external_files": ["./ui.css"], "external_methods": [], "published": ["TextArea"], "classes": [], "methods": [{"name": "TextArea({ label, className = \"\", ...props })", "description": "A React functional component rendering a labeled textarea, supporting custom class names and props.", "scope": "", "scopeKind": ""}], "calls": ["React", "React.createElement"], "search-terms": ["TextArea", "React", "textarea", "UI component", "uiLabel", "uiField", "primitive"], "state": 2, "file_id": 24, "knowledge_revision": 66, "git_revision": "96e290d736afe4bc34d398b551076a8b3a4c0a25", "ctags": [{"_type": "tag", "name": "TextArea", "path": "/home/kavia/workspace/code-generation/simple-notes-manager-304741-304760/notes_frontend/src/components/ui/TextArea.js", "pattern": "/^export function TextArea({ label, className = \"\", ...props }) {$/", "language": "JavaScript", "kind": "function", "signature": "({ label, className = \"\", ...props })"}], "hash": "bfbec2d079aed38c54951f447280af16", "format-version": 4, "code-base-name": "notes_frontend", "filename": "notes_frontend/src/components/ui/TextArea.js", "revision_history": [{"66": "96e290d736afe4bc34d398b551076a8b3a4c0a25"}]}