{"is_source_file": true, "format": "JavaScript/React", "description": "This file defines a React component named 'NoteEditor' used in a note-taking application's frontend. It manages note editing functionalities, including autosaving, deleting, and editing note content and title, within a side panel UI.", "external_files": ["../context/NotesContext", "./ui/Button", "./ui/Input", "./ui/TextArea", "./ui/Card", "./notes.css"], "external_methods": ["useNotes()", "actions.saveNote()", "actions.deleteNote()"], "published": [], "classes": [], "methods": [{"name": "useDebouncedCallback(callback, delayMs)", "description": "Creates a debounced version of a callback function that delays its execution until after a specified delay period without new calls.", "scope": "", "scopeKind": ""}, {"name": "NoteEditor({ onNavigateToNote })", "description": "Main React functional component for editing notes, including handling loading, saving, and deleting notes in the UI.", "scope": "", "scopeKind": ""}], "calls": ["useNotes()", "actions.saveNote()", "actions.deleteNote()", "window.clearTimeout", "window.setTimeout", "window.confirm"], "search-terms": ["NoteEditor", "autosave", "useDebouncedCallback", "NotesContext", "note editing UI"], "state": 2, "file_id": 32, "knowledge_revision": 74, "git_revision": "96e290d736afe4bc34d398b551076a8b3a4c0a25", "ctags": [{"_type": "tag", "name": "14", "path": "/home/kavia/workspace/code-generation/simple-notes-manager-304741-304760/notes_frontend/src/components/NoteEditor.js", "pattern": "/^            rows={14}$/", "language": "JavaScript", "kind": "field", "scope": "rows", "scopeKind": "class"}, {"_type": "tag", "name": "NoteEditor", "path": "/home/kavia/workspace/code-generation/simple-notes-manager-304741-304760/notes_frontend/src/components/NoteEditor.js", "pattern": "/^export function NoteEditor({ onNavigateToNote }) {$/", "language": "JavaScript", "kind": "function", "signature": "({ onNavigateToNote })"}, {"_type": "tag", "name": "draftContent", "path": "/home/kavia/workspace/code-generation/simple-notes-manager-304741-304760/notes_frontend/src/components/NoteEditor.js", "pattern": "/^            value={draftContent}$/", "language": "JavaScript", "kind": "field", "scope": "value", "scopeKind": "class"}, {"_type": "tag", "name": "draftTitle", "path": "/home/kavia/workspace/code-generation/simple-notes-manager-304741-304760/notes_frontend/src/components/NoteEditor.js", "pattern": "/^            value={draftTitle}$/", "language": "JavaScript", "kind": "field", "scope": "value", "scopeKind": "class"}, {"_type": "tag", "name": "useDebouncedCallback", "path": "/home/kavia/workspace/code-generation/simple-notes-manager-304741-304760/notes_frontend/src/components/NoteEditor.js", "pattern": "/^function useDebouncedCallback(callback, delayMs) {$/", "language": "JavaScript", "kind": "function", "signature": "(callback, delayMs)"}], "hash": "70cbf039deef49d8e1c65c6aa08a6d62", "format-version": 4, "code-base-name": "notes_frontend", "filename": "notes_frontend/src/components/NoteEditor.js", "fields": [{"name": "rows={14}", "scope": "rows", "scopeKind": "class", "description": "unavailable"}, {"name": "value={draftContent}", "scope": "value", "scopeKind": "class", "description": "unavailable"}, {"name": "value={draftTitle}", "scope": "value", "scopeKind": "class", "description": "unavailable"}], "revision_history": [{"74": "96e290d736afe4bc34d398b551076a8b3a4c0a25"}]}