{"is_source_file": true, "format": "JavaScript", "description": "This file defines a React context provider (NotesProvider) that manages notes state, including loading, creating, updating, deleting, and pinning notes. It relies on external services like notesService and utils such as id creation. It also uses React hooks for state and side effects, and provides a custom hook useNotes for access.", "external_files": ["../services/notesService", "../utils/id", "./notesReducer", "../components/toast/ToastProvider"], "external_methods": ["getNotesService", "createId", "initialNotesState", "notesReducer", "useToasts"], "published": ["NotesProvider", "useNotes"], "classes": [], "methods": [{"name": "makeNewNote()", "description": "Generates a new note object with default properties and a timestamp.", "scope": "", "scopeKind": ""}, {"name": "NotesProvider({ children })", "scope": "", "scopeKind": "", "description": "unavailable"}, {"name": "useNotes()", "scope": "", "scopeKind": "", "description": "unavailable"}], "calls": ["React.createContext", "useReducer", "useMemo", "useCallback", "useEffect", "getNotesService", "createId", "pushToast", "dispatch", "service.listNotes", "service.createNote", "service.updateNote", "service.deleteNote", "useContext"], "search-terms": ["NotesProvider", "NotesContext", "notesReducer", "useNotes", "notesService", "createId", "loadNotes", "createNote", "saveNote", "deleteNote", "togglePinNote", "useToasts"], "state": 2, "file_id": 20, "knowledge_revision": 93, "git_revision": "7d4d16fc6d49f2bce652e1975a59a961a67e7ba7", "revision_history": [{"62": "96e290d736afe4bc34d398b551076a8b3a4c0a25"}, {"79": "8a356dd7b9b74b5f96f08e151cfe833ea3cb70f0"}, {"81": "d61d480e95edc7d456cf8f1726142699e7781b60"}, {"93": "7d4d16fc6d49f2bce652e1975a59a961a67e7ba7"}], "ctags": [{"_type": "tag", "name": "NotesContext", "path": "/home/kavia/workspace/code-generation/simple-notes-manager-304741-304760/notes_frontend/src/context/NotesContext.js", "pattern": "/^const NotesContext = createContext(null);$/", "language": "JavaScript", "kind": "constant"}, {"_type": "tag", "name": "NotesProvider", "path": "/home/kavia/workspace/code-generation/simple-notes-manager-304741-304760/notes_frontend/src/context/NotesContext.js", "pattern": "/^export function NotesProvider({ children }) {$/", "language": "JavaScript", "kind": "function", "signature": "({ children })"}, {"_type": "tag", "name": "makeNewNote", "path": "/home/kavia/workspace/code-generation/simple-notes-manager-304741-304760/notes_frontend/src/context/NotesContext.js", "pattern": "/^function makeNewNote() {$/", "language": "JavaScript", "kind": "function", "signature": "()"}, {"_type": "tag", "name": "useNotes", "path": "/home/kavia/workspace/code-generation/simple-notes-manager-304741-304760/notes_frontend/src/context/NotesContext.js", "pattern": "/^export function useNotes() {$/", "language": "JavaScript", "kind": "function", "signature": "()"}, {"_type": "tag", "name": "value", "path": "/home/kavia/workspace/code-generation/simple-notes-manager-304741-304760/notes_frontend/src/context/NotesContext.js", "pattern": "/^  return <NotesContext.Provider value={value}>{children}<\\/NotesContext.Provider>;$/", "language": "JavaScript", "kind": "field", "scope": "Provider", "scopeKind": "class"}], "hash": "2e60c67a56e2dcf07e45d7891bc4934b", "format-version": 4, "code-base-name": "notes_frontend", "filename": "notes_frontend/src/context/NotesContext.js", "fields": [{"name": "return <NotesContext.Provider value={value}>{children}<\\/NotesContext.Provider>;", "scope": "Provider", "scopeKind": "class", "description": "unavailable"}]}