{"is_source_file": true, "format": "JavaScript", "description": "This file provides a utility function to format ISO timestamps for display in a notes application.", "external_files": [], "external_methods": [], "published": ["formatTimestamp"], "classes": [], "methods": [{"name": "formatTimestamp(iso)", "description": "Formats an ISO timestamp into a compact, human-readable string suitable for display.", "scope": "", "scopeKind": ""}], "calls": ["new Date(iso)", "d.getTime", "d.toLocaleString"], "search-terms": ["formatTimestamp", "ISO timestamp", "notes list formatting", "datetime utility"], "state": 2, "file_id": 15, "knowledge_revision": 57, "git_revision": "96e290d736afe4bc34d398b551076a8b3a4c0a25", "ctags": [{"_type": "tag", "name": "formatTimestamp", "path": "/home/kavia/workspace/code-generation/simple-notes-manager-304741-304760/notes_frontend/src/utils/datetime.js", "pattern": "/^export function formatTimestamp(iso) {$/", "language": "JavaScript", "kind": "function", "signature": "(iso)"}], "hash": "71262a8f8d9b3dac02eef1e04ae1bd23", "format-version": 4, "code-base-name": "notes_frontend", "filename": "notes_frontend/src/utils/datetime.js", "revision_history": [{"57": "96e290d736afe4bc34d398b551076a8b3a4c0a25"}]}