{"is_source_file": true, "format": "JavaScript (React JSX)", "description": "This file defines the 'NoteList' React component, which is a UI component for displaying, searching, and managing a list of notes within a note-taking application. It includes state management via context, filtering logic, and rendering of note items.", "external_files": ["../context/NotesContext", "./ui/Button", "./ui/Input", "./ui/Card", "./NoteListItem", "./notes.css"], "external_methods": ["useNotes"], "published": ["NoteList"], "classes": [], "methods": [{"name": "NoteList({ onNavigateToNote })", "description": "React functional component that renders a list of notes with search and create functionalities.", "scope": "", "scopeKind": ""}], "calls": ["useNotes", "useMemo", "dispatch", "actions.createNote", "onNavigateToNote", "filtered.map", "dispatch", "onNavigateToNote"], "search-terms": ["NoteList", "React component", "NotesContext", "search filter", "create note button", "NoteListItem", "filter notes", "notes management"], "state": 2, "file_id": 30, "knowledge_revision": 72, "git_revision": "96e290d736afe4bc34d398b551076a8b3a4c0a25", "ctags": [{"_type": "tag", "name": "NoteList", "path": "/home/kavia/workspace/code-generation/simple-notes-manager-304741-304760/notes_frontend/src/components/NoteList.js", "pattern": "/^export function NoteList({ onNavigateToNote }) {$/", "language": "JavaScript", "kind": "function", "signature": "({ onNavigateToNote })"}, {"_type": "tag", "name": "state", "path": "/home/kavia/workspace/code-generation/simple-notes-manager-304741-304760/notes_frontend/src/components/NoteList.js", "pattern": "/^            value={state.filter}$/", "language": "JavaScript", "kind": "field", "scope": "NoteList.value", "scopeKind": "class"}], "hash": "a92bdd1c58f1ec41c91a97be706c3bf5", "format-version": 4, "code-base-name": "notes_frontend", "filename": "notes_frontend/src/components/NoteList.js", "fields": [{"name": "value={state.filter}", "scope": "NoteList.value", "scopeKind": "class", "description": "unavailable"}], "revision_history": [{"72": "96e290d736afe4bc34d398b551076a8b3a4c0a25"}]}