{"is_source_file": true, "format": "JavaScript", "description": "This file defines a React functional component named Button, which provides a customizable button with different style variants, intended for use within a UI component library.", "external_files": ["react", "./ui.css"], "external_methods": [], "published": ["Button"], "classes": [], "methods": [{"name": "Button({ variant = \"primary\", className = \"\", ...props })", "description": "A React functional component that renders a button with variant-based styling options.", "scope": "", "scopeKind": ""}], "calls": ["React.createElement", "Object.assign"], "search-terms": ["React Button component", "UI variants", "Button primitive", "Ocean Professional variants", "UI styling", "Component library"], "state": 2, "file_id": 22, "knowledge_revision": 64, "git_revision": "96e290d736afe4bc34d398b551076a8b3a4c0a25", "ctags": [{"_type": "tag", "name": "Button", "path": "/home/kavia/workspace/code-generation/simple-notes-manager-304741-304760/notes_frontend/src/components/ui/Button.js", "pattern": "/^export function Button({ variant = \"primary\", className = \"\", ...props }) {$/", "language": "JavaScript", "kind": "function", "signature": "({ variant = \"primary\", className = \"\", ...props })"}, {"_type": "tag", "name": "uiButton ${variantClass} ${className}", "path": "/home/kavia/workspace/code-generation/simple-notes-manager-304741-304760/notes_frontend/src/components/ui/Button.js", "pattern": "/^  return <button className={`uiButton ${variantClass} ${className}`} {...props} \\/>;$/", "language": "JavaScript", "kind": "field", "scope": "Button.AnonymousClass88c00ad70101", "scopeKind": "class"}], "hash": "80e1b9983d70bbd02192c15eaa89dc96", "format-version": 4, "code-base-name": "notes_frontend", "filename": "notes_frontend/src/components/ui/Button.js", "fields": [{"name": "return <button className={`uiButton ${variantClass} ${className}`} {...props} \\/>;", "scope": "Button.AnonymousClass88c00ad70101", "scopeKind": "class", "description": "unavailable"}], "revision_history": [{"64": "96e290d736afe4bc34d398b551076a8b3a4c0a25"}]}