{"is_source_file": false, "format": "", "description": "", "external_files": [], "external_methods": [], "published": [], "classes": [], "methods": [], "calls": [], "search-terms": ["simple-notes-manager", "README.md"], "state": 2, "file_id": 12, "knowledge_revision": 20, "git_revision": "98bb6234b336b55ab67e3a341cba6e5845c1833d", "hash": "3b22491a431e87ef1bab2ca22d230dd8", "format-version": 4, "code-base-name": "notes_frontend", "filename": "README.md", "revision_history": [{"20": "98bb6234b336b55ab67e3a341cba6e5845c1833d"}]}